fps_id,fps_name,district,district_code,state,year,month,month_name,scraped_at_utc,total_etransactions,aadhaar_authenticated,other_mode_authenticated,non_authenticated,aadhaar_authenticated_pct,phh_regular_txn,phh_intra_state_txn,phh_inter_state_txn,phh_total_txn,aay_regular_txn,aay_intra_state_txn,aay_inter_state_txn,aay_total_txn,phh_regular_ration_card,phh_intra_state_ration_card,phh_inter_state_ration_card,phh_total_ration_card,aay_regular_ration_card,aay_intra_state_ration_card,aay_inter_state_ration_card,aay_total_ration_card,wheat_regular_kg,wheat_intra_state_kg,wheat_inter_state_kg,wheat_total_kg,rice_regular_kg,rice_intra_state_kg,rice_inter_state_kg,rice_total_kg,fortified_rice_regular_kg,fortified_rice_intra_state_kg,fortified_rice_inter_state_kg,fortified_rice_total_kg,coarse_grains_regular_kg,coarse_grains_intra_state_kg,coarse_grains_inter_state_kg,coarse_grains_total_kg,barley_regular_kg,barley_intra_state_kg,barley_inter_state_kg,barley_total_kg,bajra_regular_kg,bajra_intra_state_kg,bajra_inter_state_kg,bajra_total_kg,maize_regular_kg,maize_intra_state_kg,maize_inter_state_kg,maize_total_kg,jowar_regular_kg,jowar_intra_state_kg,jowar_inter_state_kg,jowar_total_kg,ragi_regular_kg,ragi_intra_state_kg,ragi_inter_state_kg,ragi_total_kg,kodo_regular_kg,kodo_intra_state_kg,kodo_inter_state_kg,kodo_total_kg,all_commodities_regular_kg,all_commodities_intra_state_kg,all_commodities_inter_state_kg,all_commodities_total_kg,quality_flags
158500100001,SMT.SANNA SANJAY PADTE-83 FPS,NORTH GOA,585,GOA,2026,3,March,2026-08-04T20:33:12+00:00,143,143,0,0,100.0,143,0,0,143,0,0,0,0,143,0,0,143,0,0,0,0,0,0,0,0.0,3000,0,0,3000.0,3,0,0,3.0,0,0,0,0.0,0,0,0,0.0,0,0,0,0.0,0,0,0,0.0,0,0,0,0.0,0,0,0,0.0,0,0,0,0.0,3000,0,0,3000.0,
158500100002,M/S P S KAREKAR-26 FPS,NORTH GOA,585,GOA,2026,3,March,2026-08-04T20:33:13+00:00,279,279,0,0,100.0,169,70,9,248,27,2,2,31,169,70,9,248,27,2,2,31,0,0,0,0.0,3890,1300,235,5425.0,3.89,1.3,0.21,5.4,0,0,0,0.0,0,0,0,0.0,0,0,0,0.0,0,0,0,0.0,0,0,0,0.0,0,0,0,0.0,0,0,0,0.0,3890,1300,235,5425.0,
158500100005,ARPORA NAGOA V K S S STY LTD-39 FPS,NORTH GOA,585,GOA,2026,3,March,2026-08-04T21:38:11+00:00,384,384,0,0,100.0,330,4,21,355,19,0,10,29,330,4,21,355,19,0,10,29,0,0,0,0.0,6655,60,770,7485.0,6.655,0.06,0.77,7.485,0,0,0,0.0,0,0,0,0.0,0,0,0,0.0,0,0,0,0.0,0,0,0,0.0,0,0,0,0.0,0,0,0,0.0,6655,60,770,7485.0,
158500100006,ASHOK P SHIRODKAR-103 FPS,NORTH GOA,585,GOA,2026,3,March,2026-08-04T21:38:12+00:00,28,28,0,0,100.0,27,0,0,27,1,0,0,1,27,0,0,27,1,0,0,1,0,0,0,0.0,490,0,0,490.0,0.49,0,0,0.49,0,0,0,0.0,0,0,0,0.0,0,0,0,0.0,0,0,0,0.0,0,0,0,0.0,0,0,0,0.0,0,0,0,0.0,490,0,0,490.0,
158500100007,ASHOK G DHARGALKAR-94 FPS,NORTH GOA,585,GOA,2026,3,March,2026-08-04T21:38:12+00:00,445,445,0,0,100.0,424,4,17,445,0,0,0,0,424,4,17,445,0,0,0,0,0,0,0,0.0,7840,55,345,8240.0,7.84,0.055,0.345,8.24,0,0,0,0.0,0,0,0,0.0,0,0,0,0.0,0,0,0,0.0,0,0,0,0.0,0,0,0,0.0,0,0,0,0.0,7840,55,345,8240.0,
158500100008,SANTOSH NAGESH PRABHU-74 FPS,NORTH GOA,585,GOA,2026,3,March,2026-08-04T21:38:13+00:00,142,142,0,0,100.0,135,0,0,135,7,0,0,7,135,0,0,135,7,0,0,7,0,0,0,0.0,2440,0,0,2440.0,2.44,0,0,2.44,0,0,0,0.0,0,0,0,0.0,0,0,0,0.0,0,0,0,0.0,0,0,0,0.0,0,0,0,0.0,0,0,0,0.0,2440,0,0,2440.0,
158500100009,THE MAPUSA CONSUMER COOP STY-1& 2 FPS,NORTH GOA,585,GOA,2026,3,March,2026-08-04T21:38:13+00:00,507,507,0,0,100.0,464,6,7,477,29,0,1,30,464,6,7,477,29,0,1,30,0,0,0,0.0,10525,125,140,10790.0,10.525,0.125,0.14,10.79,0,0,0,0.0,0,0,0,0.0,0,0,0,0.0,0,0,0,0.0,0,0,0,0.0,0,0,0,0.0,0,0,0,0.0,10525,125,140,10790.0,
158500100011,SUBHASH DHARGALKAR-62 FPS,NORTH GOA,585,GOA,2026,3,March,2026-08-04T21:38:14+00:00,615,615,0,0,100.0,573,0,25,598,12,0,5,17,573,0,25,598,12,0,5,17,0,0,0,0.0,11815,0,685,12500.0,11.815,0,0.685,12.5,0,0,0,0.0,0,0,0,0.0,0,0,0,0.0,0,0,0,0.0,0,0,0,0.0,0,0,0,0.0,0,0,0,0.0,11815,0,685,12500.0,
158500100012,SAYUKTA B. KESARKAR-105 FPS,NORTH GOA,585,GOA,2026,3,March,2026-08-04T21:38:14+00:00,117,117,0,0,100.0,101,11,0,112,5,0,0,5,101,11,0,112,5,0,0,5,0,0,0,0.0,2120,120,0,2240.0,2.12,0.12,0,2.24,0,0,0,0.0,0,0,0,0.0,0,0,0,0.0,0,0,0,0.0,0,0,0,0.0,0,0,0,0.0,0,0,0,0.0,2120,120,0,2240.0,
158500100013,PANDURANG V GOVEKAR-85 FPS,NORTH GOA,585,GOA,2026,3,March,2026-08-04T21:38:14+00:00,95,95,0,0,100.0,52,0,4,56,39,0,0,39,52,0,4,56,39,0,0,39,0,0,0,0.0,2335,0,85,2420.0,2.335,0,0.085,2.42,0,0,0,0.0,0,0,0,0.0,0,0,0,0.0,0,0,0,0.0,0,0,0,0.0,0,0,0,0.0,0,0,0,0.0,2335,0,85,2420.0,
158500100014,PRADEEP P MISHAL-77 FPS,NORTH GOA,585,GOA,2026,3,March,2026-08-04T21:38:15+00:00,88,88,0,0,100.0,74,7,0,81,7,0,0,7,74,7,0,81,7,0,0,7,0,0,0,0.0,1625,135,0,1760.0,1.625,0.135,0,1.76,0,0,0,0.0,0,0,0,0.0,0,0,0,0.0,0,0,0,0.0,0,0,0,0.0,0,0,0,0.0,0,0,0,0.0,1625,135,0,1760.0,
158500100015,GOKULDAS FAIR PRICE SHOP-111 FPS,NORTH GOA,585,GOA,2026,3,March,2026-08-04T21:38:15+00:00,98,98,0,0,100.0,90,1,0,91,7,0,0,7,90,1,0,91,7,0,0,7,0,0,0,0.0,1835,10,0,1845.0,1.835,0.01,0,1.845,0,0,0,0.0,0,0,0,0.0,0,0,0,0.0,0,0,0,0.0,0,0,0,0.0,0,0,0,0.0,0,0,0,0.0,1835,10,0,1845.0,
158500100016,VIMAL R AZGAONKAR-67 FPS,NORTH GOA,585,GOA,2026,3,March,2026-08-04T21:38:16+00:00,126,126,0,0,100.0,121,0,0,121,5,0,0,5,121,0,0,121,5,0,0,5,0,0,0,0.0,2315,0,0,2315.0,2.315,0,0,2.315,0,0,0,0.0,0,0,0,0.0,0,0,0,0.0,0,0,0,0.0,0,0,0,0.0,0,0,0,0.0,0,0,0,0.0,2315,0,0,2315.0,
158500100017,RANJANA C NAIK-109 FPS,NORTH GOA,585,GOA,2026,3,March,2026-08-04T21:38:16+00:00,216,216,0,0,100.0,168,0,16,184,28,0,4,32,168,0,16,184,28,0,4,32,0,0,0,0.0,4245,0,508,4753.0,4.245,0,0.508,4.753,0,0,0,0.0,0,0,0,0.0,0,0,0,0.0,0,0,0,0.0,0,0,0,0.0,0,0,0,0.0,0,0,0,0.0,4245,0,508,4753.0,
158500100019,Dhond Shop-57 FPS,NORTH GOA,585,GOA,2026,3,March,2026-08-04T21:38:17+00:00,345,345,0,0,100.0,339,1,0,340,5,0,0,5,339,1,0,340,5,0,0,5,0,0,0,0.0,6315,10,0,6325.0,6.315,0.01,0,6.325,0,0,0,0.0,0,0,0,0.0,0,0,0,0.0,0,0,0,0.0,0,0,0,0.0,0,0,0,0.0,0,0,0,0.0,6315,10,0,6325.0,
158500100020,M/S PANDHARI PANGAM-51 FPS,NORTH GOA,585,GOA,2026,3,March,2026-08-04T21:38:17+00:00,294,294,0,0,100.0,256,7,19,282,8,0,4,12,256,7,19,282,8,0,4,12,0,0,0,0.0,4770,140,470,5380.0,4.77,0.14,0.47,5.38,0,0,0,0.0,0,0,0,0.0,0,0,0,0.0,0,0,0,0.0,0,0,0,0.0,0,0,0,0.0,0,0,0,0.0,4770,140,470,5380.0,
158500100021,SADANAND S LOTLIKAR-32 FPS,NORTH GOA,585,GOA,2026,3,March,2026-08-04T21:38:18+00:00,211,211,0,0,100.0,181,2,11,194,13,0,4,17,181,2,11,194,13,0,4,17,0,0,0,0.0,3910,30,350,4290.0,3.91,0.03,0.35,4.29,0,0,0,0.0,0,0,0,0.0,0,0,0,0.0,0,0,0,0.0,0,0,0,0.0,0,0,0,0.0,0,0,0,0.0,3910,30,350,4290.0,
158500100022,SURESH P SAWANT-91 FPS,NORTH GOA,585,GOA,2026,3,March,2026-08-04T21:38:18+00:00,96,96,0,0,100.0,87,0,0,87,9,0,0,9,87,0,0,87,9,0,0,9,0,0,0,0.0,1905,0,0,1905.0,1.905,0,0,1.905,0,0,0,0.0,0,0,0,0.0,0,0,0,0.0,0,0,0,0.0,0,0,0,0.0,0,0,0,0.0,0,0,0,0.0,1905,0,0,1905.0,
158500100023,DAYANAND KENKRE-33 FPS,NORTH GOA,585,GOA,2026,3,March,2026-08-04T21:38:18+00:00,249,249,0,0,100.0,224,6,10,240,9,0,0,9,224,6,10,240,9,0,0,9,0,0,0,0.0,4790,115,190,5095.0,4.79,0.115,0.19,5.095,0,0,0,0.0,0,0,0,0.0,0,0,0,0.0,0,0,0,0.0,0,0,0,0.0,0,0,0,0.0,0,0,0,0.0,4790,115,190,5095.0,
158500100024,DEEPAK ATCHUT NAIK-101 FPS,NORTH GOA,585,GOA,2026,3,March,2026-08-04T21:38:19+00:00,114,114,0,0,100.0,87,4,21,112,0,0,2,2,87,4,21,112,0,0,2,2,0,0,0,0.0,1680,90,510,2280.0,1.68,0.09,0.51,2.28,0,0,0,0.0,0,0,0,0.0,0,0,0,0.0,0,0,0,0.0,0,0,0,0.0,0,0,0,0.0,0,0,0,0.0,1680,90,510,2280.0,
158500100025,SHRIKRISHNA POKHRE-116 FPS,NORTH GOA,585,GOA,2026,3,March,2026-08-04T21:38:19+00:00,256,256,0,0,100.0,231,0,12,243,11,0,2,13,231,0,12,243,11,0,2,13,0,0,0,0.0,4765,0,285,5050.0,4.765,0,0.285,5.05,0,0,0,0.0,0,0,0,0.0,0,0,0,0.0,0,0,0,0.0,0,0,0,0.0,0,0,0,0.0,0,0,0,0.0,4765,0,285,5050.0,
158500100026,DAYANAND S GADEKAR-110 FPS,NORTH GOA,585,GOA,2026,3,March,2026-08-04T21:38:19+00:00,82,82,0,0,100.0,80,0,1,81,1,0,0,1,80,0,1,81,1,0,0,1,0,0,0,0.0,1305,0,5,1310.0,1.305,0,0.005,1.31,0,0,0,0.0,0,0,0,0.0,0,0,0,0.0,0,0,0,0.0,0,0,0,0.0,0,0,0,0.0,0,0,0,0.0,1305,0,5,1310.0,
158500100027,HIRABAI TRIVIKRAM JOSHI-53 FPS,NORTH GOA,585,GOA,2026,3,March,2026-08-04T21:38:20+00:00,312,312,0,0,100.0,213,77,0,290,19,3,0,22,213,77,0,290,19,3,0,22,0,0,0,0.0,4525,1400,0,5925.0,4.525,1.4,0,5.925,0,0,0,0.0,0,0,0,0.0,0,0,0,0.0,0,0,0,0.0,0,0,0,0.0,0,0,0,0.0,0,0,0,0.0,4525,1400,0,5925.0,
158500100028,PURSHOTTAM A BANDODKAR-59 FPS,NORTH GOA,585,GOA,2026,3,March,2026-08-04T21:38:20+00:00,151,151,0,0,100.0,146,0,0,146,5,0,0,5,146,0,0,146,5,0,0,5,0,0,0,0.0,2575,0,0,2575.0,2.575,0,0,2.575,0,0,0,0.0,0,0,0,0.0,0,0,0,0.0,0,0,0,0.0,0,0,0,0.0,0,0,0,0.0,0,0,0,0.0,2575,0,0,2575.0,
158500100029,NARLISO LOBO-58 FPS,NORTH GOA,585,GOA,2026,3,March,2026-08-04T21:38:21+00:00,152,152,0,0,100.0,132,2,0,134,18,0,0,18,132,2,0,134,18,0,0,18,0,0,0,0.0,3090,30,0,3120.0,3.09,0.03,0,3.12,0,0,0,0.0,0,0,0,0.0,0,0,0,0.0,0,0,0,0.0,0,0,0,0.0,0,0,0,0.0,0,0,0,0.0,3090,30,0,3120.0,
158500100030,SUNITA V UMBRAXAR-100 FPS,NORTH GOA,585,GOA,2026,3,March,2026-08-04T21:38:21+00:00,334,334,0,0,100.0,326,0,0,326,8,0,0,8,326,0,0,326,8,0,0,8,0,0,0,0.0,6575,0,0,6575.0,6.575,0,0,6.575,0,0,0,0.0,0,0,0,0.0,0,0,0,0.0,0,0,0,0.0,0,0,0,0.0,0,0,0,0.0,0,0,0,0.0,6575,0,0,6575.0,
158500100031,YOGESHWAR GANPAT TAMONKAR-49 FPS,NORTH GOA,585,GOA,2026,3,March,2026-08-04T21:38:22+00:00,301,301,0,0,100.0,261,12,14,287,13,0,1,14,261,12,14,287,13,0,1,14,0,0,0,0.0,4875,205,340,5420.0,4.875,0.205,0.34,5.42,0,0,0,0.0,0,0,0,0.0,0,0,0,0.0,0,0,0,0.0,0,0,0,0.0,0,0,0,0.0,0,0,0,0.0,4875,205,340,5420.0,
158500100032,CHANDRASHEKHAR Y MORE-102 FPS,NORTH GOA,585,GOA,2026,3,March,2026-08-04T21:38:22+00:00,128,128,0,0,100.0,61,2,10,73,51,1,3,55,60,2,10,72,51,1,3,55,0,0,0,0.0,3045,65,285,3395.0,3.045,0.065,0.285,3.395,0,0,0,0.0,0,0,0,0.0,0,0,0,0.0,0,0,0,0.0,0,0,0,0.0,0,0,0,0.0,0,0,0,0.0,3045,65,285,3395.0,
158500100033,RAMESH G TAMANKAR-64 FPS,NORTH GOA,585,GOA,2026,3,March,2026-08-04T21:38:22+00:00,333,333,0,0,100.0,299,10,0,309,24,0,0,24,298,10,0,308,24,0,0,24,0,0,0,0.0,6800,180,0,6980.0,6.8,0.18,0,6.98,0,0,0,0.0,0,0,0,0.0,0,0,0,0.0,0,0,0,0.0,0,0,0,0.0,0,0,0,0.0,0,0,0,0.0,6800,180,0,6980.0,
158500100034,SUNITA KASKAR-95 FPS,NORTH GOA,585,GOA,2026,3,March,2026-08-04T21:38:23+00:00,21,21,0,0,100.0,17,2,0,19,1,1,0,2,17,2,0,19,1,1,0,2,0,0,0,0.0,330,65,0,395.0,0.33,0.065,0,0.395,0,0,0,0.0,0,0,0,0.0,0,0,0,0.0,0,0,0,0.0,0,0,0,0.0,0,0,0,0.0,0,0,0,0.0,330,65,0,395.0,
158500100035,GUIRIM SANGOLDA M.P. CO-OP SERVICE SOCIETY LTD-15 FPS,NORTH GOA,585,GOA,2026,3,March,2026-08-04T21:38:23+00:00,250,250,0,0,100.0,230,2,0,232,17,0,1,18,230,2,0,232,17,0,1,18,0,0,0,0.0,5160,45,35,5240.0,5.16,0.045,0.035,5.24,0,0,0,0.0,0,0,0,0.0,0,0,0,0.0,0,0,0,0.0,0,0,0,0.0,0,0,0,0.0,0,0,0,0.0,5160,45,35,5240.0,
158500100036,GUIRIM SANGOLDA M.P.CO-OP SERVICE SOCIETY LTD-13 FPS,NORTH GOA,585,GOA,2026,3,March,2026-08-04T21:38:24+00:00,140,140,0,0,100.0,118,4,10,132,8,0,0,8,118,4,10,132,8,0,0,8,0,0,0,0.0,2495,60,220,2775.0,2.495,0.06,0.22,2.775,0,0,0,0.0,0,0,0,0.0,0,0,0,0.0,0,0,0,0.0,0,0,0,0.0,0,0,0,0.0,0,0,0,0.0,2495,60,220,2775.0,
158500100037,GUIRIM SANGOLDA M.P. CO-OP SERVICE SOCIETY LTD-14 FPS,NORTH GOA,585,GOA,2026,3,March,2026-08-04T21:38:24+00:00,185,185,0,0,100.0,149,1,2,152,32,0,1,33,149,1,2,152,32,0,1,33,0,0,0,0.0,3885,20,75,3980.0,3.885,0.02,0.075,3.98,0,0,0,0.0,0,0,0,0.0,0,0,0,0.0,0,0,0,0.0,0,0,0,0.0,0,0,0,0.0,0,0,0,0.0,3885,20,75,3980.0,
158500100038,POROB FAIR PRICE SHOP-40 FPS,NORTH GOA,585,GOA,2026,3,March,2026-08-04T21:38:24+00:00,119,119,0,0,100.0,51,68,0,119,0,0,0,0,51,68,0,119,0,0,0,0,0,0,0,0.0,980,1230,0,2210.0,0.98,1.23,0,2.21,0,0,0,0.0,0,0,0,0.0,0,0,0,0.0,0,0,0,0.0,0,0,0,0.0,0,0,0,0.0,0,0,0,0.0,980,1230,0,2210.0,
158500100039,SUMATI C KALANGUTKAR-79 FPS,NORTH GOA,585,GOA,2026,3,March,2026-08-04T21:38:25+00:00,130,130,0,0,100.0,51,3,0,54,71,5,0,76,51,3,0,54,71,5,0,76,0,0,0,0.0,3410,240,0,3650.0,3.41,0.24,0,3.65,0,0,0,0.0,0,0,0,0.0,0,0,0,0.0,0,0,0,0.0,0,0,0,0.0,0,0,0,0.0,0,0,0,0.0,3410,240,0,3650.0,
158500100040,SHRI DEVANAND V SHIRODKAR-108 FPS,NORTH GOA,585,GOA,2026,3,March,2026-08-04T21:38:25+00:00,147,147,0,0,100.0,89,58,0,147,0,0,0,0,89,58,0,147,0,0,0,0,0,0,0,0.0,1640,985,0,2625.0,1.64,0.985,0,2.625,0,0,0,0.0,0,0,0,0.0,0,0,0,0.0,0,0,0,0.0,0,0,0,0.0,0,0,0,0.0,0,0,0,0.0,1640,985,0,2625.0,
158500100041,SHANKER .V. PRABHU KHORJUNVKAR-88 FPS,NORTH GOA,585,GOA,2026,3,March,2026-08-04T21:38:26+00:00,113,113,0,0,100.0,101,6,0,107,6,0,0,6,101,6,0,107,6,0,0,6,0,0,0,0.0,2000,140,0,2140.0,2,0.14,0,2.14,0,0,0,0.0,0,0,0,0.0,0,0,0,0.0,0,0,0,0.0,0,0,0,0.0,0,0,0,0.0,0,0,0,0.0,2000,140,0,2140.0,
158500100042,BHAGIRATHI-117 FPS,NORTH GOA,585,GOA,2026,3,March,2026-08-04T21:38:26+00:00,343,343,0,0,100.0,334,6,0,340,3,0,0,3,334,6,0,340,3,0,0,3,0,0,0,0.0,6145,75,0,6220.0,6.145,0.075,0,6.22,0,0,0,0.0,0,0,0,0.0,0,0,0,0.0,0,0,0,0.0,0,0,0,0.0,0,0,0,0.0,0,0,0,0.0,6145,75,0,6220.0,
158500100043,DULER V.K.S SOCIETY-6 FPS,NORTH GOA,585,GOA,2026,3,March,2026-08-04T21:38:26+00:00,357,357,0,0,100.0,237,10,103,350,4,0,3,7,237,10,102,349,4,0,3,7,0,0,0,0.0,4660,225,2237,7122.0,4.66,0.225,2.237,7.122,0,0,0,0.0,0,0,0,0.0,0,0,0,0.0,0,0,0,0.0,0,0,0,0.0,0,0,0,0.0,0,0,0,0.0,4660,225,2237,7122.0,
158500100044,PRAFULLA P. KANDOLKAR-45 FPS,NORTH GOA,585,GOA,2026,3,March,2026-08-04T21:38:27+00:00,146,146,0,0,100.0,79,3,0,82,60,4,0,64,79,3,0,82,60,4,0,64,0,0,0,0.0,3570,190,0,3760.0,3.57,0.19,0,3.76,0,0,0,0.0,0,0,0,0.0,0,0,0,0.0,0,0,0,0.0,0,0,0,0.0,0,0,0,0.0,0,0,0,0.0,3570,190,0,3760.0,
158500100046,SANGEETA FAIR PRICE SHOP-114 FPS,NORTH GOA,585,GOA,2026,3,March,2026-08-04T21:38:27+00:00,42,42,0,0,100.0,41,1,0,42,0,0,0,0,41,1,0,42,0,0,0,0,0,0,0,0.0,675,5,0,680.0,0.675,0.005,0,0.68,0,0,0,0.0,0,0,0,0.0,0,0,0,0.0,0,0,0,0.0,0,0,0,0.0,0,0,0,0.0,0,0,0,0.0,675,5,0,680.0,
158500100047,ALINI A BHONSLE-47 FPS,NORTH GOA,585,GOA,2026,3,March,2026-08-04T21:38:28+00:00,198,198,0,0,100.0,141,0,22,163,29,1,5,35,141,0,22,163,29,1,5,35,0,0,0,0.0,4070,35,585,4690.0,4.07,0.035,0.585,4.69,0,0,0,0.0,0,0,0,0.0,0,0,0,0.0,0,0,0,0.0,0,0,0,0.0,0,0,0,0.0,0,0,0,0.0,4070,35,585,4690.0,
158500100048,PRAKASH M COULEKAR-75 FPS,NORTH GOA,585,GOA,2026,3,March,2026-08-04T21:38:28+00:00,313,313,0,0,100.0,303,1,0,304,9,0,0,9,303,1,0,304,9,0,0,9,0,0,0,0.0,5875,5,0,5880.0,5.875,0.005,0,5.88,0,0,0,0.0,0,0,0,0.0,0,0,0,0.0,0,0,0,0.0,0,0,0,0.0,0,0,0,0.0,0,0,0,0.0,5875,5,0,5880.0,
158500100049,ROHIDAS G PARAB-99 FPS,NORTH GOA,585,GOA,2026,3,March,2026-08-04T21:38:29+00:00,126,126,0,0,100.0,98,0,0,98,28,0,0,28,98,0,0,98,28,0,0,28,0,0,0,0.0,2710,0,0,2710.0,2.71,0,0,2.71,0,0,0,0.0,0,0,0,0.0,0,0,0,0.0,0,0,0,0.0,0,0,0,0.0,0,0,0,0.0,0,0,0,0.0,2710,0,0,2710.0,
158500100050,SHANTA TRIVIKRM JOSHI-90 FPS,NORTH GOA,585,GOA,2026,3,March,2026-08-04T21:38:29+00:00,80,80,0,0,100.0,4,70,0,74,3,3,0,6,4,70,0,74,3,3,0,6,0,0,0,0.0,180,1325,0,1505.0,0.18,1.325,0,1.505,0,0,0,0.0,0,0,0,0.0,0,0,0,0.0,0,0,0,0.0,0,0,0,0.0,0,0,0,0.0,0,0,0,0.0,180,1325,0,1505.0,
158500100051,SMT. SUJATA V. NAIK-19 FPS,NORTH GOA,585,GOA,2026,3,March,2026-08-04T21:38:29+00:00,123,123,0,0,100.0,110,0,0,110,13,0,0,13,110,0,0,110,13,0,0,13,0,0,0,0.0,2640,0,0,2640.0,2.64,0,0,2.64,0,0,0,0.0,0,0,0,0.0,0,0,0,0.0,0,0,0,0.0,0,0,0,0.0,0,0,0,0.0,0,0,0,0.0,2640,0,0,2640.0,
158500100054,GAJANAN K PRABHU-46 FPS,NORTH GOA,585,GOA,2026,3,March,2026-08-04T21:38:30+00:00,140,140,0,0,100.0,112,8,1,121,19,0,0,19,112,8,1,121,19,0,0,19,0,0,0,0.0,2720,160,10,2890.0,2.72,0.16,0.01,2.89,0,0,0,0.0,0,0,0,0.0,0,0,0,0.0,0,0,0,0.0,0,0,0,0.0,0,0,0,0.0,0,0,0,0.0,2720,160,10,2890.0,
158500100055,SANGEETA S PRABHU-80 FPS,NORTH GOA,585,GOA,2026,3,March,2026-08-04T21:38:30+00:00,108,108,0,0,100.0,91,3,9,103,5,0,0,5,91,3,9,103,5,0,0,5,0,0,0,0.0,1865,45,185,2095.0,1.865,0.045,0.185,2.095,0,0,0,0.0,0,0,0,0.0,0,0,0,0.0,0,0,0,0.0,0,0,0,0.0,0,0,0,0.0,0,0,0,0.0,1865,45,185,2095.0,
158500100056,KASHINATH S SAWAL-61 FPS,NORTH GOA,585,GOA,2026,3,March,2026-08-04T21:38:30+00:00,198,198,0,0,100.0,172,2,23,197,0,0,1,1,172,2,23,197,0,0,1,1,0,0,0,0.0,3265,35,447,3747.0,3.265,0.035,0.447,3.747,0,0,0,0.0,0,0,0,0.0,0,0,0,0.0,0,0,0,0.0,0,0,0,0.0,0,0,0,0.0,0,0,0,0.0,3265,35,447,3747.0,
158500100317,RAMTIRTH NAGVEKAR-29 FPS,NORTH GOA,585,GOA,2026,3,March,2026-08-04T21:38:31+00:00,224,224,0,0,100.0,191,4,6,201,20,0,3,23,182,3,6,191,20,0,3,23,0,0,0,0.0,4000,45,231,4276.0,4,0.045,0.231,4.276,0,0,0,0.0,0,0,0,0.0,0,0,0,0.0,0,0,0,0.0,0,0,0,0.0,0,0,0,0.0,0,0,0,0.0,4000,45,231,4276.0,
158500100318,VITHAL C THALI-4 FPS,NORTH GOA,585,GOA,2026,3,March,2026-08-04T21:38:31+00:00,291,291,0,0,100.0,267,5,7,279,11,0,1,12,267,5,7,279,11,0,1,12,0,0,0,0.0,5775,70,185,6030.0,5.775,0.07,0.185,6.03,0,0,0,0.0,0,0,0,0.0,0,0,0,0.0,0,0,0,0.0,0,0,0,0.0,0,0,0,0.0,0,0,0,0.0,5775,70,185,6030.0,
158500100319,DHARMA G TAMANKAR-52 FPS,NORTH GOA,585,GOA,2026,3,March,2026-08-04T21:38:32+00:00,192,192,0,0,100.0,158,8,9,175,16,0,1,17,158,8,9,175,16,0,1,17,0,0,0,0.0,3250,135,178,3563.0,3.25,0.135,0.178,3.563,0,0,0,0.0,0,0,0,0.0,0,0,0,0.0,0,0,0,0.0,0,0,0,0.0,0,0,0,0.0,0,0,0,0.0,3250,135,178,3563.0,
158500100320,SHRIKANT U NAIK-50 FPS,NORTH GOA,585,GOA,2026,3,March,2026-08-04T21:38:32+00:00,289,289,0,0,100.0,262,4,0,266,23,0,0,23,262,4,0,266,23,0,0,23,0,0,0,0.0,5505,55,0,5560.0,5.505,0.055,0,5.56,0,0,0,0.0,0,0,0,0.0,0,0,0,0.0,0,0,0,0.0,0,0,0,0.0,0,0,0,0.0,0,0,0,0.0,5505,55,0,5560.0,
158500100321,BASTORA UCASAIM STY-17 FPS,NORTH GOA,585,GOA,2026,3,March,2026-08-04T21:38:32+00:00,573,573,0,0,100.0,520,3,5,528,45,0,0,45,520,3,5,528,45,0,0,45,0,0,0,0.0,11095,30,90,11215.0,11.095,0.03,0.09,11.215,0,0,0,0.0,0,0,0,0.0,0,0,0,0.0,0,0,0,0.0,0,0,0,0.0,0,0,0,0.0,0,0,0,0.0,11095,30,90,11215.0,
158500100323,REGINALD B LOBO-107 FPS,NORTH GOA,585,GOA,2026,3,March,2026-08-04T21:38:33+00:00,105,105,0,0,100.0,98,2,2,102,2,0,1,3,98,2,2,102,2,0,1,3,0,0,0,0.0,2140,40,60,2240.0,2.14,0.04,0.06,2.24,0,0,0,0.0,0,0,0,0.0,0,0,0,0.0,0,0,0,0.0,0,0,0,0.0,0,0,0,0.0,0,0,0,0.0,2140,40,60,2240.0,
158500100324,PRATIMA N VARKHANDKAR-113 FPS,NORTH GOA,585,GOA,2026,3,March,2026-08-04T21:38:33+00:00,208,208,0,0,100.0,207,1,0,208,0,0,0,0,205,1,0,206,0,0,0,0,0,0,0,0.0,3510,5,0,3515.0,3.51,0.005,0,3.515,0,0,0,0.0,0,0,0,0.0,0,0,0,0.0,0,0,0,0.0,0,0,0,0.0,0,0,0,0.0,0,0,0,0.0,3510,5,0,3515.0,
158500100325,ANAND D KAMAT-48 FPS,NORTH GOA,585,GOA,2026,3,March,2026-08-04T21:38:34+00:00,92,92,0,0,100.0,78,2,0,80,12,0,0,12,78,2,0,80,12,0,0,12,0,0,0,0.0,1875,55,0,1930.0,1.875,0.055,0,1.93,0,0,0,0.0,0,0,0,0.0,0,0,0,0.0,0,0,0,0.0,0,0,0,0.0,0,0,0,0.0,0,0,0,0.0,1875,55,0,1930.0,
158500100326,SHRI SOMNATH V HALARNKAR,NORTH GOA,585,GOA,2026,3,March,2026-08-04T21:38:34+00:00,212,212,0,0,100.0,207,0,0,207,5,0,0,5,206,0,0,206,5,0,0,5,0,0,0,0.0,3870,0,0,3870.0,3.87,0,0,3.87,0,0,0,0.0,0,0,0,0.0,0,0,0,0.0,0,0,0,0.0,0,0,0,0.0,0,0,0,0.0,0,0,0,0.0,3870,0,0,3870.0,
158500100327,VISHWANATH VOLVAIKAR-69 FPS,NORTH GOA,585,GOA,2026,3,March,2026-08-04T21:38:35+00:00,30,30,0,0,100.0,30,0,0,30,0,0,0,0,30,0,0,30,0,0,0,0,0,0,0,0.0,685,0,0,685.0,0.685,0,0,0.685,0,0,0,0.0,0,0,0,0.0,0,0,0,0.0,0,0,0,0.0,0,0,0,0.0,0,0,0,0.0,0,0,0,0.0,685,0,0,685.0,
158500100328,AMIT CHODANKAR-112 FPS,NORTH GOA,585,GOA,2026,3,March,2026-08-04T21:38:35+00:00,162,162,0,0,100.0,61,97,0,158,1,3,0,4,61,97,0,158,1,3,0,4,0,0,0,0.0,1115,1875,0,2990.0,1.115,1.875,0,2.99,0,0,0,0.0,0,0,0,0.0,0,0,0,0.0,0,0,0,0.0,0,0,0,0.0,0,0,0,0.0,0,0,0,0.0,1115,1875,0,2990.0,
158500100329,N.D.KAMBLI-71 FPS,NORTH GOA,585,GOA,2026,3,March,2026-08-04T21:38:36+00:00,240,240,0,0,100.0,226,0,0,226,14,0,0,14,226,0,0,226,14,0,0,14,0,0,0,0.0,4510,0,0,4510.0,4.51,0,0,4.51,0,0,0,0.0,0,0,0,0.0,0,0,0,0.0,0,0,0,0.0,0,0,0,0.0,0,0,0,0.0,0,0,0,0.0,4510,0,0,4510.0,
158500100330,AGNELO LOBO-78 FPS,NORTH GOA,585,GOA,2026,3,March,2026-08-04T21:38:36+00:00,211,211,0,0,100.0,194,1,1,196,15,0,0,15,194,1,1,196,15,0,0,15,0,0,0,0.0,4465,15,20,4500.0,4.465,0.015,0.02,4.5,0,0,0,0.0,0,0,0,0.0,0,0,0,0.0,0,0,0,0.0,0,0,0,0.0,0,0,0,0.0,0,0,0,0.0,4465,15,20,4500.0,
158500100331,SHAILA B VAIGANKAR-72 FPS,NORTH GOA,585,GOA,2026,3,March,2026-08-04T21:38:37+00:00,22,22,0,0,100.0,5,11,0,16,6,0,0,6,5,11,0,16,6,0,0,6,0,0,0,0.0,320,185,0,505.0,0.32,0.185,0,0.505,0,0,0,0.0,0,0,0,0.0,0,0,0,0.0,0,0,0,0.0,0,0,0,0.0,0,0,0,0.0,0,0,0,0.0,320,185,0,505.0,
158500100333,Shaliesh S. Mahambrey -93 FPS,NORTH GOA,585,GOA,2026,3,March,2026-08-04T21:38:37+00:00,111,111,0,0,100.0,40,0,52,92,2,0,17,19,40,0,52,92,2,0,17,19,0,0,0,0.0,825,0,1530,2355.0,0.825,0,1.53,2.355,0,0,0,0.0,0,0,0,0.0,0,0,0,0.0,0,0,0,0.0,0,0,0,0.0,0,0,0,0.0,0,0,0,0.0,825,0,1530,2355.0,
158500100334,NETAJI R DHARGALKAR-97 FPS,NORTH GOA,585,GOA,2026,3,March,2026-08-04T21:38:37+00:00,153,153,0,0,100.0,147,0,0,147,6,0,0,6,147,0,0,147,6,0,0,6,0,0,0,0.0,3015,0,0,3015.0,3.015,0,0,3.015,0,0,0,0.0,0,0,0,0.0,0,0,0,0.0,0,0,0,0.0,0,0,0,0.0,0,0,0,0.0,0,0,0,0.0,3015,0,0,3015.0,
158500100335,S.V MALIK-92 FPS,NORTH GOA,585,GOA,2026,3,March,2026-08-04T21:38:38+00:00,62,62,0,0,100.0,59,0,0,59,3,0,0,3,59,0,0,59,3,0,0,3,0,0,0,0.0,1155,0,0,1155.0,1.155,0,0,1.155,0,0,0,0.0,0,0,0,0.0,0,0,0,0.0,0,0,0,0.0,0,0,0,0.0,0,0,0,0.0,0,0,0,0.0,1155,0,0,1155.0,
158500100336,THE REVORA NADORA VKKS STY LTD-60 FPS,NORTH GOA,585,GOA,2026,3,March,2026-08-04T21:38:38+00:00,426,426,0,0,100.0,367,0,0,367,59,0,0,59,367,0,0,367,59,0,0,59,0,0,0,0.0,8475,0,0,8475.0,8.475,0,0,8.475,0,0,0,0.0,0,0,0,0.0,0,0,0,0.0,0,0,0,0.0,0,0,0,0.0,0,0,0,0.0,0,0,0,0.0,8475,0,0,8475.0,
158500100337,SAKHARAM S FALARI-9 FPS,NORTH GOA,585,GOA,2026,3,March,2026-08-04T21:38:39+00:00,59,59,0,0,100.0,51,2,0,53,6,0,0,6,51,2,0,53,6,0,0,6,0,0,0,0.0,1115,25,0,1140.0,1.115,0.025,0,1.14,0,0,0,0.0,0,0,0,0.0,0,0,0,0.0,0,0,0,0.0,0,0,0,0.0,0,0,0,0.0,0,0,0,0.0,1115,25,0,1140.0,
158500100338,SITABAI R NAIK-41 FPS,NORTH GOA,585,GOA,2026,3,March,2026-08-04T21:38:39+00:00,281,281,0,0,100.0,278,1,0,279,2,0,0,2,278,1,0,279,2,0,0,2,0,0,0,0.0,4990,20,0,5010.0,4.99,0.02,0,5.01,0,0,0,0.0,0,0,0,0.0,0,0,0,0.0,0,0,0,0.0,0,0,0,0.0,0,0,0,0.0,0,0,0,0.0,4990,20,0,5010.0,
158500100339,AMIR SUDAN SHETYE-106 FPS,NORTH GOA,585,GOA,2026,3,March,2026-08-04T21:38:40+00:00,65,65,0,0,100.0,56,0,0,56,9,0,0,9,56,0,0,56,9,0,0,9,0,0,0,0.0,1644,0,0,1644.0,1.644,0,0,1.644,0,0,0,0.0,0,0,0,0.0,0,0,0,0.0,0,0,0,0.0,0,0,0,0.0,0,0,0,0.0,0,0,0,0.0,1644,0,0,1644.0,
158500100340,BHIKU Y VAIGANKAR-44 FPS,NORTH GOA,585,GOA,2026,3,March,2026-08-04T21:38:40+00:00,187,187,0,0,100.0,123,0,2,125,62,0,0,62,123,0,2,125,62,0,0,62,0,0,0,0.0,4550,0,55,4605.0,4.55,0,0.055,4.605,0,0,0,0.0,0,0,0,0.0,0,0,0,0.0,0,0,0,0.0,0,0,0,0.0,0,0,0,0.0,0,0,0,0.0,4550,0,55,4605.0,
158500100341,ANAND B BHAIDKAR-7 FPS,NORTH GOA,585,GOA,2026,3,March,2026-08-04T21:38:40+00:00,361,361,0,0,100.0,355,1,2,358,3,0,0,3,355,1,2,358,3,0,0,3,0,0,0,0.0,7225,10,50,7285.0,7.225,0.01,0.05,7.285,0,0,0,0.0,0,0,0,0.0,0,0,0,0.0,0,0,0,0.0,0,0,0,0.0,0,0,0,0.0,0,0,0,0.0,7225,10,50,7285.0,
158500100342,Jeixri Shyam Naik -21 FPS,NORTH GOA,585,GOA,2026,3,March,2026-08-04T21:38:41+00:00,616,616,0,0,100.0,593,13,4,610,6,0,0,6,593,13,4,610,6,0,0,6,0,0,0,0.0,11060,215,50,11325.0,11.06,0.215,0.05,11.325,0,0,0,0.0,0,0,0,0.0,0,0,0,0.0,0,0,0,0.0,0,0,0,0.0,0,0,0,0.0,0,0,0,0.0,11060,215,50,11325.0,
158500100343,SMT. C. SIMEPURUSHKAR-65 FPS,NORTH GOA,585,GOA,2026,3,March,2026-08-04T21:38:41+00:00,18,18,0,0,100.0,17,0,0,17,1,0,0,1,17,0,0,17,1,0,0,1,0,0,0,0.0,350,0,0,350.0,0.35,0,0,0.35,0,0,0,0.0,0,0,0,0.0,0,0,0,0.0,0,0,0,0.0,0,0,0,0.0,0,0,0,0.0,0,0,0,0.0,350,0,0,350.0,
158500100344,FONDU U SHIRODKAR-98 FPS,NORTH GOA,585,GOA,2026,3,March,2026-08-04T21:38:42+00:00,147,147,0,0,100.0,137,1,0,138,9,0,0,9,137,1,0,138,9,0,0,9,0,0,0,0.0,2660,15,0,2675.0,2.66,0.015,0,2.675,0,0,0,0.0,0,0,0,0.0,0,0,0,0.0,0,0,0,0.0,0,0,0,0.0,0,0,0,0.0,0,0,0,0.0,2660,15,0,2675.0,
158500100345,DARIN JULIAN LOBO-18 FPS,NORTH GOA,585,GOA,2026,3,March,2026-08-04T21:38:42+00:00,372,372,0,0,100.0,263,8,14,285,84,0,3,87,263,8,14,285,84,0,3,87,0,0,0,0.0,7690,165,355,8210.0,7.69,0.165,0.355,8.21,0,0,0,0.0,0,0,0,0.0,0,0,0,0.0,0,0,0,0.0,0,0,0,0.0,0,0,0,0.0,0,0,0,0.0,7690,165,355,8210.0,
158500100348,ANNA CHRISTINA ALVARES-118 FPS,NORTH GOA,585,GOA,2026,3,March,2026-08-04T21:38:42+00:00,224,224,0,0,100.0,148,8,18,174,48,0,2,50,148,8,18,174,48,0,2,50,0,0,0,0.0,4545,170,425,5140.0,4.545,0.17,0.425,5.14,0,0,0,0.0,0,0,0,0.0,0,0,0,0.0,0,0,0,0.0,0,0,0,0.0,0,0,0,0.0,0,0,0,0.0,4545,170,425,5140.0,
158500100349,PRACHI PREMNATH MAULINGCAR-55 FPS,NORTH GOA,585,GOA,2026,3,March,2026-08-04T21:38:43+00:00,380,380,0,0,100.0,374,1,0,375,5,0,0,5,374,1,0,375,5,0,0,5,0,0,0,0.0,7480,10,0,7490.0,7.48,0.01,0,7.49,0,0,0,0.0,0,0,0,0.0,0,0,0,0.0,0,0,0,0.0,0,0,0,0.0,0,0,0,0.0,0,0,0,0.0,7480,10,0,7490.0,
158500100351,PRANAY S. NAIK KALANGUTKAR  - 84 FPS,NORTH GOA,585,GOA,2026,3,March,2026-08-04T21:38:43+00:00,240,240,0,0,100.0,212,6,15,233,6,0,1,7,212,6,15,233,6,0,1,7,0,0,0,0.0,4145,75,335,4555.0,4.145,0.075,0.335,4.555,0,0,0,0.0,0,0,0,0.0,0,0,0,0.0,0,0,0,0.0,0,0,0,0.0,0,0,0,0.0,0,0,0,0.0,4145,75,335,4555.0,
158500100352,ZICO J. SEQUEIRA- 36 FPS,NORTH GOA,585,GOA,2026,3,March,2026-08-04T21:38:44+00:00,110,110,0,0,100.0,94,0,14,108,0,0,2,2,94,0,14,108,0,0,2,2,0,0,0,0.0,1525,0,303,1828.0,1.525,0,0.303,1.828,0,0,0,0.0,0,0,0,0.0,0,0,0,0.0,0,0,0,0.0,0,0,0,0.0,0,0,0,0.0,0,0,0,0.0,1525,0,303,1828.0,
158500100356,APARNA V. KAMBLI - 68 FPS,NORTH GOA,585,GOA,2026,3,March,2026-08-04T21:38:44+00:00,98,98,0,0,100.0,98,0,0,98,0,0,0,0,98,0,0,98,0,0,0,0,0,0,0,0.0,1835,0,0,1835.0,1.835,0,0,1.835,0,0,0,0.0,0,0,0,0.0,0,0,0,0.0,0,0,0,0.0,0,0,0,0.0,0,0,0,0.0,0,0,0,0.0,1835,0,0,1835.0,
158500100357,KISHORI D. SHINDE FPS-10,NORTH GOA,585,GOA,2026,3,March,2026-08-04T21:38:45+00:00,222,222,0,0,100.0,160,3,34,197,18,0,7,25,160,3,34,197,18,0,7,25,0,0,0,0.0,3515,50,990,4555.0,3.515,0.05,0.99,4.555,0,0,0,0.0,0,0,0,0.0,0,0,0,0.0,0,0,0,0.0,0,0,0,0.0,0,0,0,0.0,0,0,0,0.0,3515,50,990,4555.0,
158500100369,PANKAJ N. DHARGALKAR-119 FPS,NORTH GOA,585,GOA,2026,3,March,2026-08-04T21:38:45+00:00,124,124,0,0,100.0,109,4,9,122,0,0,2,2,109,4,9,122,0,0,2,2,0,0,0,0.0,2195,110,245,2550.0,2.195,0.11,0.245,2.55,0,0,0,0.0,0,0,0,0.0,0,0,0,0.0,0,0,0,0.0,0,0,0,0.0,0,0,0,0.0,0,0,0,0.0,2195,110,245,2550.0,
158500100370,SULOCHANA KALANGUTKAR-120 FPS,NORTH GOA,585,GOA,2026,3,March,2026-08-04T21:38:45+00:00,153,153,0,0,100.0,142,1,0,143,10,0,0,10,142,1,0,143,10,0,0,10,0,0,0,0.0,3070,20,0,3090.0,3.07,0.02,0,3.09,0,0,0,0.0,0,0,0,0.0,0,0,0,0.0,0,0,0,0.0,0,0,0,0.0,0,0,0,0.0,0,0,0,0.0,3070,20,0,3090.0,
158500100371,SNEHAL NARAYAN SALGAONKAR,NORTH GOA,585,GOA,2026,3,March,2026-08-04T21:38:46+00:00,210,210,0,0,100.0,204,2,1,207,2,0,1,3,204,2,1,207,2,0,1,3,0,0,0,0.0,4005,30,55,4090.0,4.005,0.03,0.055,4.09,0,0,0,0.0,0,0,0,0.0,0,0,0,0.0,0,0,0,0.0,0,0,0,0.0,0,0,0,0.0,0,0,0,0.0,4005,30,55,4090.0,
158500200002,PURSHOTTAM C NAIK-5 FPS,NORTH GOA,585,GOA,2026,3,March,2026-08-04T21:38:46+00:00,123,123,0,0,100.0,95,0,0,95,28,0,0,28,95,0,0,95,28,0,0,28,0,0,0,0.0,2620,0,0,2620.0,2.62,0,0,2.62,0,0,0,0.0,0,0,0,0.0,0,0,0,0.0,0,0,0,0.0,0,0,0,0.0,0,0,0,0.0,0,0,0,0.0,2620,0,0,2620.0,
158500200003,MULGAO SHIRGAO ADVALPAL V.K.S.S.SOCIETY LTD-6 FPS,NORTH GOA,585,GOA,2026,3,March,2026-08-04T21:38:47+00:00,311,311,0,0,100.0,263,8,11,282,29,0,0,29,263,8,11,282,29,0,0,29,0,0,0,0.0,5605,110,240,5955.0,5.605,0.11,0.24,5.955,0,0,0,0.0,0,0,0,0.0,0,0,0,0.0,0,0,0,0.0,0,0,0,0.0,0,0,0,0.0,0,0,0,0.0,5605,110,240,5955.0,
158500200004,PILIGAO V.K.S.STY LTD-12 FPS,NORTH GOA,585,GOA,2026,3,March,2026-08-04T21:38:47+00:00,302,302,0,0,100.0,285,1,5,291,10,0,1,11,285,1,5,291,10,0,1,11,0,0,0,0.0,5070,25,117,5212.0,5.07,0.025,0.117,5.212,0,0,0,0.0,0,0,0,0.0,0,0,0,0.0,0,0,0,0.0,0,0,0,0.0,0,0,0,0.0,0,0,0,0.0,5070,25,117,5212.0,
158500200005,BICHOLIM VKSS SOCIETY LTD-8 & 11 FPS,NORTH GOA,585,GOA,2026,3,March,2026-08-04T21:38:48+00:00,296,296,0,0,100.0,187,3,14,204,89,0,3,92,187,3,14,204,89,0,3,92,0,0,0,0.0,6344,80,344,6768.0,6.344,0.08,0.344,6.768,0,0,0,0.0,0,0,0,0.0,0,0,0,0.0,0,0,0,0.0,0,0,0,0.0,0,0,0,0.0,0,0,0,0.0,6344,80,344,6768.0,
158500200006,BICHOLIM VKSS SOC LTD-9 FPS,NORTH GOA,585,GOA,2026,3,March,2026-08-04T21:38:48+00:00,112,112,0,0,100.0,61,3,5,69,42,1,0,43,61,3,5,69,42,1,0,43,0,0,0,0.0,2590,70,105,2765.0,2.59,0.07,0.105,2.765,0,0,0,0.0,0,0,0,0.0,0,0,0,0.0,0,0,0,0.0,0,0,0,0.0,0,0,0,0.0,0,0,0,0.0,2590,70,105,2765.0,
158500200007,KALYAN CONSUMERS CO-OPERATIVE SOCIETY LTD-10 FPS,NORTH GOA,585,GOA,2026,3,March,2026-08-04T21:38:49+00:00,164,164,0,0,100.0,103,0,6,109,55,0,0,55,103,0,6,109,55,0,0,55,0,0,0,0.0,3510,0,110,3620.0,3.51,0,0.11,3.62,0,0,0,0.0,0,0,0,0.0,0,0,0,0.0,0,0,0,0.0,0,0,0,0.0,0,0,0,0.0,0,0,0,0.0,3510,0,110,3620.0,
158500200009,KARAPUR SARVAN V K STY-16 FPS,NORTH GOA,585,GOA,2026,3,March,2026-08-04T21:38:49+00:00,390,390,0,0,100.0,369,2,11,382,5,0,3,8,369,2,11,382,5,0,3,8,0,0,0,0.0,6930,30,315,7275.0,6.93,0.03,0.315,7.275,0,0,0,0.0,0,0,0,0.0,0,0,0,0.0,0,0,0,0.0,0,0,0,0.0,0,0,0,0.0,0,0,0,0.0,6930,30,315,7275.0,
158500200010,MAHARASTRA V.K.S SOCIETY LTD-17 FPS,NORTH GOA,585,GOA,2026,3,March,2026-08-04T21:38:50+00:00,329,329,0,0,100.0,234,35,48,317,5,0,7,12,234,35,48,317,5,0,7,12,0,0,0,0.0,4480,525,1114,6119.0,4.48,0.525,1.114,6.119,0,0,0,0.0,0,0,0,0.0,0,0,0,0.0,0,0,0,0.0,0,0,0,0.0,0,0,0,0.0,0,0,0,0.0,4480,525,1114,6119.0,
158500200011,NAVELIM VKSS STY LTD-20 FPS,NORTH GOA,585,GOA,2026,3,March,2026-08-04T21:38:50+00:00,282,282,0,0,100.0,277,3,1,281,1,0,0,1,277,3,1,281,1,0,0,1,0,0,0,0.0,4835,55,20,4910.0,4.835,0.055,0.02,4.91,0,0,0,0.0,0,0,0,0.0,0,0,0,0.0,0,0,0,0.0,0,0,0,0.0,0,0,0,0.0,0,0,0,0.0,4835,55,20,4910.0,
158500200012,SURLA KOTHAMBI V.K.S.S. STY LTD.-23 FPS,NORTH GOA,585,GOA,2026,3,March,2026-08-04T21:38:51+00:00,512,512,0,0,100.0,481,2,0,483,29,0,0,29,479,2,0,481,28,0,0,28,0,0,0,0.0,9945,30,0,9975.0,9.945,0.03,0,9.975,0,0,0,0.0,0,0,0,0.0,0,0,0,0.0,0,0,0,0.0,0,0,0,0.0,0,0,0,0.0,0,0,0,0.0,9945,30,0,9975.0,
158500200013,MAHARASTRA  V.K.S.SOCIETY -25 FPS,NORTH GOA,585,GOA,2026,3,March,2026-08-04T21:38:51+00:00,369,369,0,0,100.0,280,19,62,361,5,0,3,8,280,19,62,361,5,0,2,7,0,0,0,0.0,5480,390,1201,7071.0,5.48,0.39,1.201,7.071,0,0,0,0.0,0,0,0,0.0,0,0,0,0.0,0,0,0,0.0,0,0,0,0.0,0,0,0,0.0,0,0,0,0.0,5480,390,1201,7071.0,
158500200014,VISHNU RAMCHANDRA PARAB-29 FPS,NORTH GOA,585,GOA,2026,3,March,2026-08-04T21:38:52+00:00,402,402,0,0,100.0,387,0,0,387,15,0,0,15,387,0,0,387,15,0,0,15,0,0,0,0.0,8280,0,0,8280.0,8.28,0,0,8.28,0,0,0,0.0,0,0,0,0.0,0,0,0,0.0,0,0,0,0.0,0,0,0,0.0,0,0,0,0.0,0,0,0,0.0,8280,0,0,8280.0,
158500200015,SANTOSH K GADEKAR-30 FPS,NORTH GOA,585,GOA,2026,3,March,2026-08-04T21:38:54+00:00,311,311,0,0,100.0,295,2,0,297,14,0,0,14,295,2,0,297,14,0,0,14,0,0,0,0.0,5490,10,0,5500.0,5.49,0.01,0,5.5,0,0,0,0.0,0,0,0,0.0,0,0,0,0.0,0,0,0,0.0,0,0,0,0.0,0,0,0,0.0,0,0,0,0.0,5490,10,0,5500.0,
158500200016,TUKARAM RAGHOBA GAONKAR-33 FPS,NORTH GOA,585,GOA,2026,3,March,2026-08-04T21:38:55+00:00,175,175,0,0,100.0,131,0,0,131,44,0,0,44,131,0,0,131,44,0,0,44,0,0,0,0.0,3850,0,0,3850.0,3.85,0,0,3.85,0,0,0,0.0,0,0,0,0.0,0,0,0,0.0,0,0,0,0.0,0,0,0,0.0,0,0,0,0.0,0,0,0,0.0,3850,0,0,3850.0,
158500200018,SMT. NAFISA IMRAN SHAIKH-35 FPS,NORTH GOA,585,GOA,2026,3,March,2026-08-04T21:38:55+00:00,336,336,0,0,100.0,227,2,47,276,52,0,8,60,227,2,47,276,52,0,8,60,0,0,0,0.0,6485,25,1108,7618.0,6.485,0.025,1.108,7.618,0,0,0,0.0,0,0,0,0.0,0,0,0,0.0,0,0,0,0.0,0,0,0,0.0,0,0,0,0.0,0,0,0,0.0,6485,25,1108,7618.0,
158500200019,SHAMBHU VAMAN FADTE-36 FPS,NORTH GOA,585,GOA,2026,3,March,2026-08-04T21:38:56+00:00,103,103,0,0,100.0,96,2,2,100,3,0,0,3,96,2,2,100,3,0,0,3,0,0,0,0.0,1605,20,45,1670.0,1.605,0.02,0.045,1.67,0,0,0,0.0,0,0,0,0.0,0,0,0,0.0,0,0,0,0.0,0,0,0,0.0,0,0,0,0.0,0,0,0,0.0,1605,20,45,1670.0,
158500200020,MOHAN GANESH TARI-37 FPS,NORTH GOA,585,GOA,2026,3,March,2026-08-04T21:38:57+00:00,293,293,0,0,100.0,289,0,0,289,4,0,0,4,289,0,0,289,4,0,0,4,0,0,0,0.0,5365,0,0,5365.0,5.365,0,0,5.365,0,0,0,0.0,0,0,0,0.0,0,0,0,0.0,0,0,0,0.0,0,0,0,0.0,0,0,0,0.0,0,0,0,0.0,5365,0,0,5365.0,
158500200021,VELGUEM MAH  CONSUMER CO-OP SOCIETY LTD-38 FPS,NORTH GOA,585,GOA,2026,3,March,2026-08-04T21:38:57+00:00,374,374,0,0,100.0,366,5,0,371,3,0,0,3,366,5,0,371,3,0,0,3,0,0,0,0.0,6940,100,0,7040.0,6.94,0.1,0,7.04,0,0,0,0.0,0,0,0,0.0,0,0,0,0.0,0,0,0,0.0,0,0,0,0.0,0,0,0,0.0,0,0,0,0.0,6940,100,0,7040.0,
158500200022,DEEPAK P.N KUMBHARJUVEKAR-40 FPS,NORTH GOA,585,GOA,2026,3,March,2026-08-04T21:38:58+00:00,103,103,0,0,100.0,100,0,0,100,3,0,0,3,100,0,0,100,3,0,0,3,0,0,0,0.0,1790,0,0,1790.0,1.79,0,0,1.79,0,0,0,0.0,0,0,0,0.0,0,0,0,0.0,0,0,0,0.0,0,0,0,0.0,0,0,0,0.0,0,0,0,0.0,1790,0,0,1790.0,
158500200023,SANJAY S ARONDEKAR-43 FPS,NORTH GOA,585,GOA,2026,3,March,2026-08-04T21:38:58+00:00,544,544,0,0,100.0,454,2,2,458,86,0,0,86,454,2,2,458,85,0,0,85,0,0,0,0.0,11260,15,35,11310.0,11.26,0.015,0.035,11.31,0,0,0,0.0,0,0,0,0.0,0,0,0,0.0,0,0,0,0.0,0,0,0,0.0,0,0,0,0.0,0,0,0,0.0,11260,15,35,11310.0,
158500200024,Sunil V Govekar-45 FPS,NORTH GOA,585,GOA,2026,3,March,2026-08-04T21:38:59+00:00,178,178,0,0,100.0,166,3,3,172,6,0,0,6,166,3,3,172,6,0,0,6,0,0,0,0.0,3030,40,65,3135.0,3.03,0.04,0.065,3.135,0,0,0,0.0,0,0,0,0.0,0,0,0,0.0,0,0,0,0.0,0,0,0,0.0,0,0,0,0.0,0,0,0,0.0,3030,40,65,3135.0,
158500200171,SMT SHILPA UMESH RAUT-4 FPS,NORTH GOA,585,GOA,2026,3,March,2026-08-04T21:38:59+00:00,283,283,0,0,100.0,262,2,5,269,13,0,1,14,262,2,5,269,13,0,1,14,0,0,0,0.0,5400,30,155,5585.0,5.4,0.03,0.155,5.585,0,0,0,0.0,0,0,0,0.0,0,0,0,0.0,0,0,0,0.0,0,0,0,0.0,0,0,0,0.0,0,0,0,0.0,5400,30,155,5585.0,
158500200172,VAN GROUP V.K.S.STY-7 FPS,NORTH GOA,585,GOA,2026,3,March,2026-08-04T21:39:00+00:00,380,380,0,0,100.0,333,3,9,345,35,0,0,35,333,3,9,345,35,0,0,35,0,0,0,0.0,7425,30,170,7625.0,7.425,0.03,0.17,7.625,0,0,0,0.0,0,0,0,0.0,0,0,0,0.0,0,0,0,0.0,0,0,0,0.0,0,0,0,0.0,0,0,0,0.0,7425,30,170,7625.0,
158500200173,KRISHNA R. SATARDEKAR-18 FPS,NORTH GOA,585,GOA,2026,3,March,2026-08-04T21:39:00+00:00,429,429,0,0,100.0,411,12,0,423,5,1,0,6,411,12,0,423,5,1,0,6,0,0,0,0.0,8225,225,0,8450.0,8.225,0.225,0,8.45,0,0,0,0.0,0,0,0,0.0,0,0,0,0.0,0,0,0,0.0,0,0,0,0.0,0,0,0,0.0,0,0,0,0.0,8225,225,0,8450.0,
158500200174,MAHALAXMI V.K.S.STY-19 & 32 FPS,NORTH GOA,585,GOA,2026,3,March,2026-08-04T21:39:01+00:00,318,318,0,0,100.0,287,2,12,301,16,0,1,17,287,2,12,301,16,0,1,17,0,0,0,0.0,5800,20,258,6078.0,5.8,0.02,0.258,6.078,0,0,0,0.0,0,0,0,0.0,0,0,0,0.0,0,0,0,0.0,0,0,0,0.0,0,0,0,0.0,0,0,0,0.0,5800,20,258,6078.0,
158500200175,SAJRO U PARAB-22 FPS,NORTH GOA,585,GOA,2026,3,March,2026-08-04T21:39:01+00:00,155,155,0,0,100.0,147,0,1,148,7,0,0,7,147,0,1,148,7,0,0,7,0,0,0,0.0,2735,0,20,2755.0,2.735,0,0.02,2.755,0,0,0,0.0,0,0,0,0.0,0,0,0,0.0,0,0,0,0.0,0,0,0,0.0,0,0,0,0.0,0,0,0,0.0,2735,0,20,2755.0,
158500200176,NAVDURGA V K S STY-24 & 26 FPS,NORTH GOA,585,GOA,2026,3,March,2026-08-04T21:39:02+00:00,542,542,0,0,100.0,518,10,5,533,9,0,0,9,518,10,5,533,9,0,0,9,0,0,0,0.0,9680,205,105,9990.0,9.68,0.205,0.105,9.99,0,0,0,0.0,0,0,0,0.0,0,0,0,0.0,0,0,0,0.0,0,0,0,0.0,0,0,0,0.0,0,0,0,0.0,9680,205,105,9990.0,
158500200177,SWETA PRABHUGAONKAR-31 FPS,NORTH GOA,585,GOA,2026,3,March,2026-08-04T21:39:03+00:00,207,207,0,0,100.0,203,2,0,205,2,0,0,2,203,2,0,205,2,0,0,2,0,0,0,0.0,3515,25,0,3540.0,3.515,0.025,0,3.54,0,0,0,0.0,0,0,0,0.0,0,0,0,0.0,0,0,0,0.0,0,0,0,0.0,0,0,0,0.0,0,0,0,0.0,3515,25,0,3540.0,
158500200178,KALYAN CONSUMERS CO-OPERATIVE SOCIETY LTD-34 FPS,NORTH GOA,585,GOA,2026,3,March,2026-08-04T21:39:03+00:00,204,204,0,0,100.0,142,0,9,151,53,0,0,53,142,0,9,151,53,0,0,53,0,0,0,0.0,4165,0,145,4310.0,4.165,0,0.145,4.31,0,0,0,0.0,0,0,0,0.0,0,0,0,0.0,0,0,0,0.0,0,0,0,0.0,0,0,0,0.0,0,0,0,0.0,4165,0,145,4310.0,
158500200181,NAVDURGA V K S STY-42 & 28 FPS,NORTH GOA,585,GOA,2026,3,March,2026-08-04T21:39:04+00:00,174,174,0,0,100.0,166,8,0,174,0,0,0,0,166,8,0,174,0,0,0,0,0,0,0,0.0,3110,180,0,3290.0,3.11,0.18,0,3.29,0,0,0,0.0,0,0,0,0.0,0,0,0,0.0,0,0,0,0.0,0,0,0,0.0,0,0,0,0.0,0,0,0,0.0,3110,180,0,3290.0,
158500200182,SANDHYA G KASAR-44 FPS,NORTH GOA,585,GOA,2026,3,March,2026-08-04T21:39:04+00:00,86,86,0,0,100.0,77,0,0,77,9,0,0,9,77,0,0,77,9,0,0,9,0,0,0,0.0,1670,0,0,1670.0,1.67,0,0,1.67,0,0,0,0.0,0,0,0,0.0,0,0,0,0.0,0,0,0,0.0,0,0,0,0.0,0,0,0,0.0,0,0,0,0.0,1670,0,0,1670.0,
158500200183,ADVALPAL V.K.S STY-1 FPS,NORTH GOA,585,GOA,2026,3,March,2026-08-04T21:39:05+00:00,198,198,0,0,100.0,177,0,0,177,21,0,0,21,177,0,0,177,21,0,0,21,0,0,0,0.0,3870,0,0,3870.0,3.87,0,0,3.87,0,0,0,0.0,0,0,0,0.0,0,0,0,0.0,0,0,0,0.0,0,0,0,0.0,0,0,0,0.0,0,0,0,0.0,3870,0,0,3870.0,
158500200184,MAHARASHTRA V K S STY-15 FPS,NORTH GOA,585,GOA,2026,3,March,2026-08-04T21:39:05+00:00,405,405,0,0,100.0,377,18,0,395,10,0,0,10,377,18,0,395,9,0,0,9,0,0,0,0.0,7710,345,0,8055.0,7.71,0.345,0,8.055,0,0,0,0.0,0,0,0,0.0,0,0,0,0.0,0,0,0,0.0,0,0,0,0.0,0,0,0,0.0,0,0,0,0.0,7710,345,0,8055.0,
158500200185,NARVA V K S STY-13 FPS,NORTH GOA,585,GOA,2026,3,March,2026-08-04T21:39:06+00:00,262,262,0,0,100.0,221,2,0,223,39,0,0,39,221,2,0,223,39,0,0,39,0,0,0,0.0,5065,20,0,5085.0,5.065,0.02,0,5.085,0,0,0,0.0,0,0,0,0.0,0,0,0,0.0,0,0,0,0.0,0,0,0,0.0,0,0,0,0.0,0,0,0,0.0,5065,20,0,5085.0,
158500200187,RAHUL RAMA NAIK- 46 FPS,NORTH GOA,585,GOA,2026,3,March,2026-08-04T21:39:06+00:00,180,180,0,0,100.0,178,0,0,178,2,0,0,2,178,0,0,178,2,0,0,2,0,0,0,0.0,3560,0,0,3560.0,3.56,0,0,3.56,0,0,0,0.0,0,0,0,0.0,0,0,0,0.0,0,0,0,0.0,0,0,0,0.0,0,0,0,0.0,0,0,0,0.0,3560,0,0,3560.0,
158500200188,KASARPAL V K S STY-2 & 3 FPS,NORTH GOA,585,GOA,2026,3,March,2026-08-04T21:39:07+00:00,511,511,0,0,100.0,436,2,0,438,73,0,0,73,436,2,0,438,73,0,0,73,0,0,0,0.0,10820,35,0,10855.0,10.82,0.035,0,10.855,0,0,0,0.0,0,0,0,0.0,0,0,0,0.0,0,0,0,0.0,0,0,0,0.0,0,0,0,0.0,0,0,0,0.0,10820,35,0,10855.0,
158500200189,VITHOBA L GHADI-39 FPS,NORTH GOA,585,GOA,2026,3,March,2026-08-04T21:39:07+00:00,215,215,0,0,100.0,215,0,0,215,0,0,0,0,214,0,0,214,0,0,0,0,0,0,0,0.0,4395,0,0,4395.0,4.395,0,0,4.395,0,0,0,0.0,0,0,0,0.0,0,0,0,0.0,0,0,0,0.0,0,0,0,0.0,0,0,0,0.0,0,0,0,0.0,4395,0,0,4395.0,
158500200190,TULSHIDAS K GAONKAR-41 FPS,NORTH GOA,585,GOA,2026,3,March,2026-08-04T21:39:08+00:00,228,228,0,0,100.0,198,0,0,198,30,0,0,30,198,0,0,198,30,0,0,30,0,0,0,0.0,5160,0,0,5160.0,5.16,0,0,5.16,0,0,0,0.0,0,0,0,0.0,0,0,0,0.0,0,0,0,0.0,0,0,0,0.0,0,0,0,0.0,0,0,0,0.0,5160,0,0,5160.0,
158500200191,DIGVETTA D KARBOTHKAR-14 FPS,NORTH GOA,585,GOA,2026,3,March,2026-08-04T21:39:08+00:00,98,98,0,0,100.0,97,0,1,98,0,0,0,0,97,0,1,98,0,0,0,0,0,0,0,0.0,1740,0,20,1760.0,1.74,0,0.02,1.76,0,0,0,0.0,0,0,0,0.0,0,0,0,0.0,0,0,0,0.0,0,0,0,0.0,0,0,0,0.0,0,0,0,0.0,1740,0,20,1760.0,
158500200192,MAHALAXMI RAVALNATH MULTIPURPOSE CO-OPERATIVE SOCIETY LTD,NORTH GOA,585,GOA,2026,3,March,2026-08-04T21:39:09+00:00,99,99,0,0,100.0,98,0,0,98,1,0,0,1,98,0,0,98,1,0,0,1,0,0,0,0.0,1495,0,0,1495.0,1.495,0,0,1.495,0,0,0,0.0,0,0,0,0.0,0,0,0,0.0,0,0,0,0.0,0,0,0,0.0,0,0,0,0.0,0,0,0,0.0,1495,0,0,1495.0,
158500300002,GOVIND P SHETGAONKAR-3 FPS,NORTH GOA,585,GOA,2026,3,March,2026-08-04T21:39:09+00:00,121,121,0,0,100.0,96,2,0,98,23,0,0,23,96,2,0,98,23,0,0,23,0,0,0,0.0,2560,35,0,2595.0,2.56,0.035,0,2.595,0,0,0,0.0,0,0,0,0.0,0,0,0,0.0,0,0,0,0.0,0,0,0,0.0,0,0,0,0.0,0,0,0,0.0,2560,35,0,2595.0,
158500300003,KRISHNA S.SHETGAONKAR-5 FPS,NORTH GOA,585,GOA,2026,3,March,2026-08-04T21:39:09+00:00,237,237,0,0,100.0,153,3,0,156,81,0,0,81,153,3,0,156,81,0,0,81,0,0,0,0.0,5460,35,0,5495.0,5.46,0.035,0,5.495,0,0,0,0.0,0,0,0,0.0,0,0,0,0.0,0,0,0,0.0,0,0,0,0.0,0,0,0,0.0,0,0,0,0.0,5460,35,0,5495.0,
158500300004,M/S LAXMAN SHAMBA NAIK-6 FPS,NORTH GOA,585,GOA,2026,3,March,2026-08-04T21:39:10+00:00,200,200,0,0,100.0,142,0,0,142,58,0,0,58,142,0,0,142,58,0,0,58,0,0,0,0.0,4735,0,0,4735.0,4.735,0,0,4.735,0,0,0,0.0,0,0,0,0.0,0,0,0,0.0,0,0,0,0.0,0,0,0,0.0,0,0,0,0.0,0,0,0,0.0,4735,0,0,4735.0,
158500300005,SHRI BAPTISTA D'SOUZA-7 FPS,NORTH GOA,585,GOA,2026,3,March,2026-08-04T21:39:11+00:00,386,386,0,0,100.0,332,2,0,334,52,0,0,52,331,2,0,333,52,0,0,52,0,0,0,0.0,7570,30,0,7600.0,7.57,0.03,0,7.6,0,0,0,0.0,0,0,0,0.0,0,0,0,0.0,0,0,0,0.0,0,0,0,0.0,0,0,0,0.0,0,0,0,0.0,7570,30,0,7600.0,
158500300006,SADANAND D PALNI-8 FPS,NORTH GOA,585,GOA,2026,3,March,2026-08-04T21:39:11+00:00,240,240,0,0,100.0,143,0,1,144,95,0,1,96,143,0,1,144,95,0,1,96,0,0,0,0.0,5950,0,55,6005.0,5.95,0,0.055,6.005,0,0,0,0.0,0,0,0,0.0,0,0,0,0.0,0,0,0,0.0,0,0,0,0.0,0,0,0,0.0,0,0,0,0.0,5950,0,55,6005.0,
158500300008,ABHIJIT ULHAS NARVEKAR-10 FPS,NORTH GOA,585,GOA,2026,3,March,2026-08-04T21:39:12+00:00,362,362,0,0,100.0,249,0,0,249,113,0,0,113,249,0,0,249,113,0,0,113,0,0,0,0.0,8155,0,0,8155.0,8.155,0,0,8.155,0,0,0,0.0,0,0,0,0.0,0,0,0,0.0,0,0,0,0.0,0,0,0,0.0,0,0,0,0.0,0,0,0,0.0,8155,0,0,8155.0,
158500300010,NANDAKUMAR SHET-12 FPS,NORTH GOA,585,GOA,2026,3,March,2026-08-04T21:39:12+00:00,391,391,0,0,100.0,223,5,1,229,158,3,1,162,223,5,1,229,158,3,1,162,0,0,0,0.0,9640,200,60,9900.0,9.64,0.2,0.06,9.9,0,0,0,0.0,0,0,0,0.0,0,0,0,0.0,0,0,0,0.0,0,0,0,0.0,0,0,0,0.0,0,0,0,0.0,9640,200,60,9900.0,
158500300011,SHRI ASHOK RAJARAM KAMAT-13 FPS,NORTH GOA,585,GOA,2026,3,March,2026-08-04T21:39:13+00:00,311,311,0,0,100.0,180,0,0,180,131,0,0,131,180,0,0,180,131,0,0,131,0,0,0,0.0,7760,0,0,7760.0,7.76,0,0,7.76,0,0,0,0.0,0,0,0,0.0,0,0,0,0.0,0,0,0,0.0,0,0,0,0.0,0,0,0,0.0,0,0,0,0.0,7760,0,0,7760.0,
158500300012,PRAKASH B NAIK-14 FPS,NORTH GOA,585,GOA,2026,3,March,2026-08-04T21:39:13+00:00,79,79,0,0,100.0,27,0,1,28,51,0,0,51,27,0,1,28,51,0,0,51,0,0,0,0.0,2250,0,25,2275.0,2.25,0,0.025,2.275,0,0,0,0.0,0,0,0,0.0,0,0,0,0.0,0,0,0,0.0,0,0,0,0.0,0,0,0,0.0,0,0,0,0.0,2250,0,25,2275.0,
158500300013,SUHASINI KASHIRAM KORGAONKAR-15 FPS,NORTH GOA,585,GOA,2026,3,March,2026-08-04T21:39:14+00:00,158,158,0,0,100.0,96,1,1,98,58,0,2,60,96,1,1,98,58,0,2,60,0,0,0,0.0,3710,20,95,3825.0,3.71,0.02,0.095,3.825,0,0,0,0.0,0,0,0,0.0,0,0,0,0.0,0,0,0,0.0,0,0,0,0.0,0,0,0,0.0,0,0,0,0.0,3710,20,95,3825.0,
158500300014,GAUTAMI R MANDREKAR-49 FPS,NORTH GOA,585,GOA,2026,3,March,2026-08-04T21:39:14+00:00,340,340,0,0,100.0,198,4,6,208,131,0,1,132,198,4,6,208,131,0,1,132,0,0,0,0.0,8020,55,150,8225.0,8.02,0.055,0.15,8.225,0,0,0,0.0,0,0,0,0.0,0,0,0,0.0,0,0,0,0.0,0,0,0,0.0,0,0,0,0.0,0,0,0,0.0,8020,55,150,8225.0,
158500300016,SAI PRASAD-19 FPS,NORTH GOA,585,GOA,2026,3,March,2026-08-04T21:39:15+00:00,347,347,0,0,100.0,289,2,0,291,56,0,0,56,289,2,0,291,56,0,0,56,0,0,0,0.0,6925,35,0,6960.0,6.925,0.035,0,6.96,0,0,0,0.0,0,0,0,0.0,0,0,0,0.0,0,0,0,0.0,0,0,0,0.0,0,0,0,0.0,0,0,0,0.0,6925,35,0,6960.0,
158500300017,Saiprasad Stores-20 FPS,NORTH GOA,585,GOA,2026,3,March,2026-08-04T21:39:15+00:00,97,97,0,0,100.0,75,0,0,75,22,0,0,22,75,0,0,75,22,0,0,22,0,0,0,0.0,2095,0,0,2095.0,2.095,0,0,2.095,0,0,0,0.0,0,0,0,0.0,0,0,0,0.0,0,0,0,0.0,0,0,0,0.0,0,0,0,0.0,0,0,0,0.0,2095,0,0,2095.0,
158500300018,MANOHAR DAJI NAIK-21 FPS,NORTH GOA,585,GOA,2026,3,March,2026-08-04T21:39:15+00:00,340,340,0,0,100.0,160,1,3,164,174,1,1,176,160,1,3,164,174,1,1,176,0,0,0,0.0,8970,45,90,9105.0,8.97,0.045,0.09,9.105,0,0,0,0.0,0,0,0,0.0,0,0,0,0.0,0,0,0,0.0,0,0,0,0.0,0,0,0,0.0,0,0,0,0.0,8970,45,90,9105.0,
158500300019,VISHNU G MAHALE-22 FPS,NORTH GOA,585,GOA,2026,3,March,2026-08-04T21:39:16+00:00,172,172,0,0,100.0,136,2,0,138,34,0,0,34,136,2,0,138,34,0,0,34,0,0,0,0.0,3645,30,0,3675.0,3.645,0.03,0,3.675,0,0,0,0.0,0,0,0,0.0,0,0,0,0.0,0,0,0,0.0,0,0,0,0.0,0,0,0,0.0,0,0,0,0.0,3645,30,0,3675.0,
158500300020,Atmaram R. Parab-23 FPS,NORTH GOA,585,GOA,2026,3,March,2026-08-04T21:39:17+00:00,177,177,0,0,100.0,127,0,0,127,50,0,0,50,127,0,0,127,50,0,0,50,0,0,0,0.0,4070,0,0,4070.0,4.07,0,0,4.07,0,0,0,0.0,0,0,0,0.0,0,0,0,0.0,0,0,0,0.0,0,0,0,0.0,0,0,0,0.0,0,0,0,0.0,4070,0,0,4070.0,
158500300026,ARUN S SAWANT-32 FPS,NORTH GOA,585,GOA,2026,3,March,2026-08-04T21:39:17+00:00,292,292,0,0,100.0,213,0,0,213,79,0,0,79,213,0,0,213,78,0,0,78,0,0,0,0.0,6785,0,0,6785.0,6.785,0,0,6.785,0,0,0,0.0,0,0,0,0.0,0,0,0,0.0,0,0,0,0.0,0,0,0,0.0,0,0,0,0.0,0,0,0,0.0,6785,0,0,6785.0,
158500300027,GADEKAR STORES-33 FPS,NORTH GOA,585,GOA,2026,3,March,2026-08-04T21:39:18+00:00,214,214,0,0,100.0,175,0,0,175,39,0,0,39,175,0,0,175,39,0,0,39,0,0,0,0.0,4490,0,0,4490.0,4.49,0,0,4.49,0,0,0,0.0,0,0,0,0.0,0,0,0,0.0,0,0,0,0.0,0,0,0,0.0,0,0,0,0.0,0,0,0,0.0,4490,0,0,4490.0,
158500300028,S.B.SAWANT-36 FPS,NORTH GOA,585,GOA,2026,3,March,2026-08-04T21:39:18+00:00,216,216,0,0,100.0,113,1,0,114,102,0,0,102,113,1,0,114,102,0,0,102,0,0,0,0.0,5645,5,0,5650.0,5.645,0.005,0,5.65,0,0,0,0.0,0,0,0,0.0,0,0,0,0.0,0,0,0,0.0,0,0,0,0.0,0,0,0,0.0,0,0,0,0.0,5645,5,0,5650.0,
158500300029,G.V.SUBHAJI-37 FPS,NORTH GOA,585,GOA,2026,3,March,2026-08-04T21:39:19+00:00,401,401,0,0,100.0,341,0,0,341,60,0,0,60,340,0,0,340,60,0,0,60,0,0,0,0.0,8185,0,0,8185.0,8.185,0,0,8.185,0,0,0,0.0,0,0,0,0.0,0,0,0,0.0,0,0,0,0.0,0,0,0,0.0,0,0,0,0.0,0,0,0,0.0,8185,0,0,8185.0,
158500300030,PEDNE TALUKA FARMERS SERVICE COOP STY LTD.-38 FPS,NORTH GOA,585,GOA,2026,3,March,2026-08-04T21:39:19+00:00,179,179,0,0,100.0,133,6,0,139,40,0,0,40,133,6,0,139,40,0,0,40,0,0,0,0.0,3740,75,0,3815.0,3.74,0.075,0,3.815,0,0,0,0.0,0,0,0,0.0,0,0,0,0.0,0,0,0,0.0,0,0,0,0.0,0,0,0,0.0,0,0,0,0.0,3740,75,0,3815.0,
158500300031,SMT SUNITA SHRIRAM BUGDE-40 FPS,NORTH GOA,585,GOA,2026,3,March,2026-08-04T21:39:20+00:00,253,253,0,0,100.0,183,2,0,185,68,0,0,68,183,2,0,185,68,0,0,68,0,0,0,0.0,5530,35,0,5565.0,5.53,0.035,0,5.565,0,0,0,0.0,0,0,0,0.0,0,0,0,0.0,0,0,0,0.0,0,0,0,0.0,0,0,0,0.0,0,0,0,0.0,5530,35,0,5565.0,
158500300033,ANKUSH SHYAM SAWANT-42 FPS,NORTH GOA,585,GOA,2026,3,March,2026-08-04T21:39:20+00:00,174,174,0,0,100.0,119,0,0,119,55,0,0,55,119,0,0,119,55,0,0,55,0,0,0,0.0,4135,0,0,4135.0,4.135,0,0,4.135,0,0,0,0.0,0,0,0,0.0,0,0,0,0.0,0,0,0,0.0,0,0,0,0.0,0,0,0,0.0,0,0,0,0.0,4135,0,0,4135.0,
158500300034,GURUNATH VASUDEV TALAVANEKAR-45 FPS,NORTH GOA,585,GOA,2026,3,March,2026-08-04T21:39:20+00:00,149,149,0,0,100.0,99,0,0,99,50,0,0,50,99,0,0,99,49,0,0,49,0,0,0,0.0,3430,0,0,3430.0,3.43,0,0,3.43,0,0,0,0.0,0,0,0,0.0,0,0,0,0.0,0,0,0,0.0,0,0,0,0.0,0,0,0,0.0,0,0,0,0.0,3430,0,0,3430.0,
158500300036,MULVIR STORE-48 FPS,NORTH GOA,585,GOA,2026,3,March,2026-08-04T21:39:21+00:00,110,110,0,0,100.0,67,0,0,67,43,0,0,43,66,0,0,66,43,0,0,43,0,0,0,0.0,2755,0,0,2755.0,2.755,0,0,2.755,0,0,0,0.0,0,0,0,0.0,0,0,0,0.0,0,0,0,0.0,0,0,0,0.0,0,0,0,0.0,0,0,0,0.0,2755,0,0,2755.0,
158500300037,PEDNE TALUKA FARMERS SERVICE CO-OP SOCIETY LTD-25 FPS,NORTH GOA,585,GOA,2026,3,March,2026-08-04T21:39:22+00:00,303,303,0,0,100.0,280,0,11,291,11,0,1,12,280,0,11,291,11,0,1,12,0,0,0,0.0,5700,0,215,5915.0,5.7,0,0.215,5.915,0,0,0,0.0,0,0,0,0.0,0,0,0,0.0,0,0,0,0.0,0,0,0,0.0,0,0,0,0.0,0,0,0,0.0,5700,0,215,5915.0,
158500300038,MR.UTTAM K KOTKAR-2 FPS,NORTH GOA,585,GOA,2026,3,March,2026-08-04T21:39:22+00:00,460,460,0,0,100.0,253,5,2,260,198,2,0,200,253,5,2,260,198,2,0,200,0,0,0,0.0,11315,175,25,11515.0,11.315,0.175,0.025,11.515,0,0,0,0.0,0,0,0,0.0,0,0,0,0.0,0,0,0,0.0,0,0,0,0.0,0,0,0,0.0,0,0,0,0.0,11315,175,25,11515.0,
158500300132,ULHAS R NAIK-17 FPS,NORTH GOA,585,GOA,2026,3,March,2026-08-04T21:39:23+00:00,259,259,0,0,100.0,188,1,0,189,69,1,0,70,188,1,0,189,69,1,0,70,0,0,0,0.0,5760,55,0,5815.0,5.76,0.055,0,5.815,0,0,0,0.0,0,0,0,0.0,0,0,0,0.0,0,0,0,0.0,0,0,0,0.0,0,0,0,0.0,0,0,0,0.0,5760,55,0,5815.0,
158500300133,PEDNE TALUKA FARMERS SERVICE CO.OP.SOCIETY-24 FPS,NORTH GOA,585,GOA,2026,3,March,2026-08-04T21:39:23+00:00,303,303,0,0,100.0,143,0,1,144,156,2,1,159,143,0,1,144,156,2,1,159,0,0,0,0.0,8115,70,55,8240.0,8.115,0.07,0.055,8.24,0,0,0,0.0,0,0,0,0.0,0,0,0,0.0,0,0,0,0.0,0,0,0,0.0,0,0,0,0.0,0,0,0,0.0,8115,70,55,8240.0,
158500300134,PERNEM TALUKA FARMER CO.OP.STY-26 FPS,NORTH GOA,585,GOA,2026,3,March,2026-08-04T21:39:24+00:00,667,667,0,0,100.0,557,21,2,580,85,1,1,87,557,21,2,580,85,1,1,87,0,0,0,0.0,13170,405,80,13655.0,13.17,0.405,0.08,13.655,0,0,0,0.0,0,0,0,0.0,0,0,0,0.0,0,0,0,0.0,0,0,0,0.0,0,0,0,0.0,0,0,0,0.0,13170,405,80,13655.0,
158500300135,PERNEM TALUKA FARMER CO.OP.STY.LTD.-27 FPS,NORTH GOA,585,GOA,2026,3,March,2026-08-04T21:39:24+00:00,381,381,0,0,100.0,224,2,0,226,155,0,0,155,224,2,0,226,155,0,0,155,0,0,0,0.0,9420,30,0,9450.0,9.42,0.03,0,9.45,0,0,0,0.0,0,0,0,0.0,0,0,0,0.0,0,0,0,0.0,0,0,0,0.0,0,0,0,0.0,0,0,0,0.0,9420,30,0,9450.0,
158500300136,PERNEM TALUKA FARMER CO.OP.STY.LTD.-28 FPS,NORTH GOA,585,GOA,2026,3,March,2026-08-04T21:39:24+00:00,345,345,0,0,100.0,216,2,0,218,127,0,0,127,216,2,0,218,127,0,0,127,0,0,0,0.0,8225,20,0,8245.0,8.225,0.02,0,8.245,0,0,0,0.0,0,0,0,0.0,0,0,0,0.0,0,0,0,0.0,0,0,0,0.0,0,0,0,0.0,0,0,0,0.0,8225,20,0,8245.0,
158500300137,PERNEM TALUKA FARMER CO.OP.STY.LTD.-29 FPS,NORTH GOA,585,GOA,2026,3,March,2026-08-04T21:39:25+00:00,386,386,0,0,100.0,264,6,1,271,115,0,0,115,264,6,1,271,115,0,0,115,0,0,0,0.0,8965,75,10,9050.0,8.965,0.075,0.01,9.05,0,0,0,0.0,0,0,0,0.0,0,0,0,0.0,0,0,0,0.0,0,0,0,0.0,0,0,0,0.0,0,0,0,0.0,8965,75,10,9050.0,
158500300138,PERNEM TALUKA FARMER CO.OP.STY.LTD.-31 FPS,NORTH GOA,585,GOA,2026,3,March,2026-08-04T21:39:25+00:00,236,236,0,0,100.0,110,2,0,112,124,0,0,124,110,2,0,112,124,0,0,124,0,0,0,0.0,6210,35,0,6245.0,6.21,0.035,0,6.245,0,0,0,0.0,0,0,0,0.0,0,0,0,0.0,0,0,0,0.0,0,0,0,0.0,0,0,0,0.0,0,0,0,0.0,6210,35,0,6245.0,
158500300141,PERNEM TALUKA FARMER CO.OP.STY.LTD.-41 FPS,NORTH GOA,585,GOA,2026,3,March,2026-08-04T21:39:26+00:00,204,204,0,0,100.0,125,1,0,126,78,0,0,78,125,1,0,126,77,0,0,77,0,0,0,0.0,4945,20,0,4965.0,4.945,0.02,0,4.965,0,0,0,0.0,0,0,0,0.0,0,0,0,0.0,0,0,0,0.0,0,0,0,0.0,0,0,0,0.0,0,0,0,0.0,4945,20,0,4965.0,
158500300143,J.R DESHPRABHU-1 FPS,NORTH GOA,585,GOA,2026,3,March,2026-08-04T21:39:26+00:00,111,111,0,0,100.0,61,0,0,61,50,0,0,50,60,0,0,60,50,0,0,50,0,0,0,0.0,2830,0,0,2830.0,2.83,0,0,2.83,0,0,0,0.0,0,0,0,0.0,0,0,0,0.0,0,0,0,0.0,0,0,0,0.0,0,0,0,0.0,0,0,0,0.0,2830,0,0,2830.0,
158500300144,G.J SHIRGAONKAR-39 FPS,NORTH GOA,585,GOA,2026,3,March,2026-08-04T21:39:26+00:00,228,228,0,0,100.0,129,2,0,131,97,0,0,97,129,2,0,131,97,0,0,97,0,0,0,0.0,5694,25,0,5719.0,5.694,0.025,0,5.719,0,0,0,0.0,0,0,0,0.0,0,0,0,0.0,0,0,0,0.0,0,0,0,0.0,0,0,0,0.0,0,0,0,0.0,5694,25,0,5719.0,
158500300146,PEDNE TALUKA FARMERS SERVICE CO-OP STY-18 FPS,NORTH GOA,585,GOA,2026,3,March,2026-08-04T21:39:27+00:00,321,321,0,0,100.0,160,2,1,163,158,0,0,158,160,2,1,163,158,0,0,158,0,0,0,0.0,8640,35,20,8695.0,8.64,0.035,0.02,8.695,0,0,0,0.0,0,0,0,0.0,0,0,0,0.0,0,0,0,0.0,0,0,0,0.0,0,0,0,0.0,0,0,0,0.0,8640,35,20,8695.0,
158500300147,MR. SHAILA GAWAS-11 FPS,NORTH GOA,585,GOA,2026,3,March,2026-08-04T21:39:27+00:00,379,379,0,0,100.0,287,0,0,287,92,0,0,92,287,0,0,287,92,0,0,92,0,0,0,0.0,8290,0,0,8290.0,8.29,0,0,8.29,0,0,0,0.0,0,0,0,0.0,0,0,0,0.0,0,0,0,0.0,0,0,0,0.0,0,0,0,0.0,0,0,0,0.0,8290,0,0,8290.0,
158500300148,ASHISH LAXMAN KALANGUTKAR-9 FPS,NORTH GOA,585,GOA,2026,3,March,2026-08-04T21:39:28+00:00,254,254,0,0,100.0,202,1,0,203,51,0,0,51,202,1,0,203,51,0,0,51,0,0,0,0.0,5480,5,0,5485.0,5.48,0.005,0,5.485,0,0,0,0.0,0,0,0,0.0,0,0,0,0.0,0,0,0,0.0,0,0,0,0.0,0,0,0,0.0,0,0,0,0.0,5480,5,0,5485.0,
158500300149,RADHIKA R. KANOLKAR-46 FPS,NORTH GOA,585,GOA,2026,3,March,2026-08-04T21:39:28+00:00,102,102,0,0,100.0,57,0,0,57,45,0,0,45,57,0,0,57,45,0,0,45,0,0,0,0.0,2690,0,0,2690.0,2.69,0,0,2.69,0,0,0,0.0,0,0,0,0.0,0,0,0,0.0,0,0,0,0.0,0,0,0,0.0,0,0,0,0.0,0,0,0,0.0,2690,0,0,2690.0,
158500300150,PERNEM TALUKA FARMER CO.OP.STY.LTD AROBA-35 FPS,NORTH GOA,585,GOA,2026,3,March,2026-08-04T21:39:29+00:00,162,162,0,0,100.0,65,3,0,68,92,2,0,94,65,3,0,68,92,2,0,94,0,0,0,0.0,4400,125,0,4525.0,4.4,0.125,0,4.525,0,0,0,0.0,0,0,0,0.0,0,0,0,0.0,0,0,0,0.0,0,0,0,0.0,0,0,0,0.0,0,0,0,0.0,4400,125,0,4525.0,
158500300157,SHRUTI SADGURU THAKUR,NORTH GOA,585,GOA,2026,3,March,2026-08-04T21:39:29+00:00,267,267,0,0,100.0,171,7,1,179,86,2,0,88,171,7,1,179,86,2,0,88,0,0,0,0.0,5935,220,10,6165.0,5.935,0.22,0.01,6.165,0,0,0,0.0,0,0,0,0.0,0,0,0,0.0,0,0,0,0.0,0,0,0,0.0,0,0,0,0.0,0,0,0,0.0,5935,220,10,6165.0,
158500500002,MALINI K GAWAS-26 FPS,NORTH GOA,585,GOA,2026,3,March,2026-08-04T21:39:29+00:00,141,141,0,0,100.0,103,0,0,103,38,0,0,38,102,0,0,102,38,0,0,38,0,0,0,0.0,3160,0,0,3160.0,3.16,0,0,3.16,0,0,0,0.0,0,0,0,0.0,0,0,0,0.0,0,0,0,0.0,0,0,0,0.0,0,0,0,0.0,0,0,0,0.0,3160,0,0,3160.0,
158500500003,DEEPA D KALANGUTKAR-24 FPS,NORTH GOA,585,GOA,2026,3,March,2026-08-04T21:39:30+00:00,161,161,0,0,100.0,111,0,0,111,50,0,0,50,111,0,0,111,50,0,0,50,0,0,0,0.0,3905,0,0,3905.0,3.905,0,0,3.905,0,0,0,0.0,0,0,0,0.0,0,0,0,0.0,0,0,0,0.0,0,0,0,0.0,0,0,0,0.0,0,0,0,0.0,3905,0,0,3905.0,
158500500004,CHANDRAKANT JAIDEV PANGAM-20 FPS,NORTH GOA,585,GOA,2026,3,March,2026-08-04T21:39:30+00:00,268,268,0,0,100.0,248,4,0,252,16,0,0,16,248,4,0,252,16,0,0,16,0,0,0,0.0,5465,80,0,5545.0,5.465,0.08,0,5.545,0,0,0,0.0,0,0,0,0.0,0,0,0,0.0,0,0,0,0.0,0,0,0,0.0,0,0,0,0.0,0,0,0,0.0,5465,80,0,5545.0,
158500500005,KASHINATH SAWANT-19 FPS,NORTH GOA,585,GOA,2026,3,March,2026-08-04T21:39:30+00:00,120,120,0,0,100.0,80,0,0,80,40,0,0,40,80,0,0,80,40,0,0,40,0,0,0,0.0,2870,0,0,2870.0,2.87,0,0,2.87,0,0,0,0.0,0,0,0,0.0,0,0,0,0.0,0,0,0,0.0,0,0,0,0.0,0,0,0,0.0,0,0,0,0.0,2870,0,0,2870.0,
158500500006,BABAJI DAMODAR MAJIK-18 FPS,NORTH GOA,585,GOA,2026,3,March,2026-08-04T21:39:31+00:00,123,123,0,0,100.0,92,0,0,92,31,0,0,31,92,0,0,92,31,0,0,31,0,0,0,0.0,2675,0,0,2675.0,2.675,0,0,2.675,0,0,0,0.0,0,0,0,0.0,0,0,0,0.0,0,0,0,0.0,0,0,0,0.0,0,0,0,0.0,0,0,0,0.0,2675,0,0,2675.0,
158500500007,KASHINATH Y SAWANT-17 FPS,NORTH GOA,585,GOA,2026,3,March,2026-08-04T21:39:31+00:00,316,316,0,0,100.0,235,0,0,235,81,0,0,81,235,0,0,235,81,0,0,81,0,0,0,0.0,7125,0,0,7125.0,7.125,0,0,7.125,0,0,0,0.0,0,0,0,0.0,0,0,0,0.0,0,0,0,0.0,0,0,0,0.0,0,0,0,0.0,0,0,0,0.0,7125,0,0,7125.0,
158500500008,SARITA J DESAI-16 FPS,NORTH GOA,585,GOA,2026,3,March,2026-08-04T21:39:32+00:00,424,424,0,0,100.0,352,0,0,352,72,0,0,72,351,0,0,351,72,0,0,72,0,0,0,0.0,8960,0,0,8960.0,8.96,0,0,8.96,0,0,0,0.0,0,0,0,0.0,0,0,0,0.0,0,0,0,0.0,0,0,0,0.0,0,0,0,0.0,0,0,0,0.0,8960,0,0,8960.0,
158500500009,SMT. ANITA ANANDRAO RANE-25 FPS,NORTH GOA,585,GOA,2026,3,March,2026-08-04T21:39:32+00:00,131,131,0,0,100.0,130,0,0,130,1,0,0,1,130,0,0,130,1,0,0,1,0,0,0,0.0,2530,0,0,2530.0,2.53,0,0,2.53,0,0,0,0.0,0,0,0,0.0,0,0,0,0.0,0,0,0,0.0,0,0,0,0.0,0,0,0,0.0,0,0,0,0.0,2530,0,0,2530.0,
158500500010,GAWANE G V K S STY-14 FPS,NORTH GOA,585,GOA,2026,3,March,2026-08-04T21:39:32+00:00,174,174,0,0,100.0,155,0,0,155,19,0,0,19,155,0,0,155,19,0,0,19,0,0,0,0.0,3820,0,0,3820.0,3.82,0,0,3.82,0,0,0,0.0,0,0,0,0.0,0,0,0,0.0,0,0,0,0.0,0,0,0,0.0,0,0,0,0.0,0,0,0,0.0,3820,0,0,3820.0,
158500500011,SHAMSUNDER K SHIRODKAR-23 FPS,NORTH GOA,585,GOA,2026,3,March,2026-08-04T21:39:33+00:00,98,98,0,0,100.0,79,1,0,80,18,0,0,18,79,1,0,80,18,0,0,18,0,0,0,0.0,1920,5,0,1925.0,1.92,0.005,0,1.925,0,0,0,0.0,0,0,0,0.0,0,0,0,0.0,0,0,0,0.0,0,0,0,0.0,0,0,0,0.0,0,0,0,0.0,1920,5,0,1925.0,
158500500012,SAGAR M SHIRODKAR-11 FPS,NORTH GOA,585,GOA,2026,3,March,2026-08-04T21:39:33+00:00,294,294,0,0,100.0,236,0,0,236,58,0,0,58,236,0,0,236,58,0,0,58,0,0,0,0.0,6190,0,0,6190.0,6.19,0,0,6.19,0,0,0,0.0,0,0,0,0.0,0,0,0,0.0,0,0,0,0.0,0,0,0,0.0,0,0,0,0.0,0,0,0,0.0,6190,0,0,6190.0,
158500500013,SATTARI TALUKA CO-OP STY-10 FPS,NORTH GOA,585,GOA,2026,3,March,2026-08-04T21:39:33+00:00,649,649,0,0,100.0,507,0,0,507,142,0,0,142,505,0,0,505,142,0,0,142,0,0,0,0.0,14170,0,0,14170.0,14.17,0,0,14.17,0,0,0,0.0,0,0,0,0.0,0,0,0,0.0,0,0,0,0.0,0,0,0,0.0,0,0,0,0.0,0,0,0,0.0,14170,0,0,14170.0,
158500500014,DEVDATT S WADKAR-9 FPS,NORTH GOA,585,GOA,2026,3,March,2026-08-04T21:39:34+00:00,831,831,0,0,100.0,783,10,28,821,10,0,0,10,783,10,28,821,10,0,0,10,0,0,0,0.0,14505,170,505,15180.0,14.505,0.17,0.505,15.18,0,0,0,0.0,0,0,0,0.0,0,0,0,0.0,0,0,0,0.0,0,0,0,0.0,0,0,0,0.0,0,0,0,0.0,14505,170,505,15180.0,
158500500015,SUNITA SURESH NAIK-8 FPS,NORTH GOA,585,GOA,2026,3,March,2026-08-04T21:39:34+00:00,278,278,0,0,100.0,226,4,0,230,47,1,0,48,226,4,0,230,47,1,0,48,0,0,0,0.0,5690,100,0,5790.0,5.69,0.1,0,5.79,0,0,0,0.0,0,0,0,0.0,0,0,0,0.0,0,0,0,0.0,0,0,0,0.0,0,0,0,0.0,0,0,0,0.0,5690,100,0,5790.0,
158500500016,SIDDESH M. SAWAIKAR-7 FPS,NORTH GOA,585,GOA,2026,3,March,2026-08-04T21:39:34+00:00,575,575,0,0,100.0,481,1,1,483,92,0,0,92,481,1,1,483,92,0,0,92,0,0,0,0.0,11995,20,20,12035.0,11.995,0.02,0.02,12.035,0,0,0,0.0,0,0,0,0.0,0,0,0,0.0,0,0,0,0.0,0,0,0,0.0,0,0,0,0.0,0,0,0,0.0,11995,20,20,12035.0,
158500500017,PREMNATH G DALVI-5 FPS,NORTH GOA,585,GOA,2026,3,March,2026-08-04T21:39:35+00:00,537,537,0,0,100.0,438,2,0,440,97,0,0,97,437,2,0,439,97,0,0,97,0,0,0,0.0,11510,40,0,11550.0,11.51,0.04,0,11.55,0,0,0,0.0,0,0,0,0.0,0,0,0,0.0,0,0,0,0.0,0,0,0,0.0,0,0,0,0.0,0,0,0,0.0,11510,40,0,11550.0,
158500500019,LAXIMAN VAMAN DALVI - 4 FPS,NORTH GOA,585,GOA,2026,3,March,2026-08-04T21:39:35+00:00,580,580,0,0,100.0,549,0,0,549,31,0,0,31,549,0,0,549,31,0,0,31,0,0,0,0.0,11725,0,0,11725.0,11.725,0,0,11.725,0,0,0,0.0,0,0,0,0.0,0,0,0,0.0,0,0,0,0.0,0,0,0,0.0,0,0,0,0.0,0,0,0,0.0,11725,0,0,11725.0,
158500500020,NAGARGAO GROUP VIKAS CREDIT STY-3 FPS,NORTH GOA,585,GOA,2026,3,March,2026-08-04T21:39:36+00:00,396,396,0,0,100.0,339,3,3,345,51,0,0,51,339,3,3,345,51,0,0,51,0,0,0,0.0,8455,90,65,8610.0,8.455,0.09,0.065,8.61,0,0,0,0.0,0,0,0,0.0,0,0,0,0.0,0,0,0,0.0,0,0,0,0.0,0,0,0,0.0,0,0,0,0.0,8455,90,65,8610.0,
158500500022,M/S SUDESH A TELI-1 FPS,NORTH GOA,585,GOA,2026,3,March,2026-08-04T21:39:36+00:00,325,325,0,0,100.0,245,0,36,281,42,1,1,44,245,0,36,281,42,1,1,44,0,0,0,0.0,5745,35,715,6495.0,5.745,0.035,0.715,6.495,0,0,0,0.0,0,0,0,0.0,0,0,0,0.0,0,0,0,0.0,0,0,0,0.0,0,0,0,0.0,0,0,0,0.0,5745,35,715,6495.0,
158500500099,SATTARI TALUKA FARMERS CO OP STY -2 FPS,NORTH GOA,585,GOA,2026,3,March,2026-08-04T21:39:36+00:00,539,539,0,0,100.0,460,1,1,462,77,0,0,77,459,1,1,461,77,0,0,77,0,0,0,0.0,11130,20,40,11190.0,11.13,0.02,0.04,11.19,0,0,0,0.0,0,0,0,0.0,0,0,0,0.0,0,0,0,0.0,0,0,0,0.0,0,0,0,0.0,0,0,0,0.0,11130,20,40,11190.0,
158500500100,SATTARI TALUKA CO-OP STY-15 FPS,NORTH GOA,585,GOA,2026,3,March,2026-08-04T21:39:37+00:00,267,267,0,0,100.0,220,5,0,225,42,0,0,42,219,5,0,224,42,0,0,42,0,0,0,0.0,5530,85,0,5615.0,5.53,0.085,0,5.615,0,0,0,0.0,0,0,0,0.0,0,0,0,0.0,0,0,0,0.0,0,0,0,0.0,0,0,0,0.0,0,0,0,0.0,5530,85,0,5615.0,
158500500104,SHRI. DEEPAK PARMESHMAR RANE-6 FPS,NORTH GOA,585,GOA,2026,3,March,2026-08-04T21:39:37+00:00,73,73,0,0,100.0,63,1,0,64,9,0,0,9,63,1,0,64,9,0,0,9,0,0,0,0.0,1440,5,0,1445.0,1.44,0.005,0,1.445,0,0,0,0.0,0,0,0,0.0,0,0,0,0.0,0,0,0,0.0,0,0,0,0.0,0,0,0,0.0,0,0,0,0.0,1440,5,0,1445.0,
158500500105,SMT. MANSI MAHADEV GAWAS-13 FPS,NORTH GOA,585,GOA,2026,3,March,2026-08-04T21:39:37+00:00,145,145,0,0,100.0,125,0,0,125,20,0,0,20,125,0,0,125,20,0,0,20,0,0,0,0.0,2755,0,0,2755.0,2.755,0,0,2.755,0,0,0,0.0,0,0,0,0.0,0,0,0,0.0,0,0,0,0.0,0,0,0,0.0,0,0,0,0.0,0,0,0,0.0,2755,0,0,2755.0,
158500500107,SHRI. SHAM JOTO PAVANE-21 FPS,NORTH GOA,585,GOA,2026,3,March,2026-08-04T21:39:38+00:00,159,159,0,0,100.0,154,1,0,155,3,0,1,4,154,1,0,155,3,0,1,4,0,0,0,0.0,3070,10,25,3105.0,3.07,0.01,0.025,3.105,0,0,0,0.0,0,0,0,0.0,0,0,0,0.0,0,0,0,0.0,0,0,0,0.0,0,0,0,0.0,0,0,0,0.0,3070,10,25,3105.0,
158500600002,JANATA CONSUMER CO OP STY-1 FPS,NORTH GOA,585,GOA,2026,3,March,2026-08-04T21:39:38+00:00,57,57,0,0,100.0,40,7,2,49,8,0,0,8,40,7,2,49,8,0,0,8,0,0,0,0.0,960,90,50,1100.0,0.96,0.09,0.05,1.1,0,0,0,0.0,0,0,0,0.0,0,0,0,0.0,0,0,0,0.0,0,0,0,0.0,0,0,0,0.0,0,0,0,0.0,960,90,50,1100.0,
158500600003,GURUDAS YASHWANT SHET-2 FPS,NORTH GOA,585,GOA,2026,3,March,2026-08-04T21:39:39+00:00,16,16,0,0,100.0,3,7,5,15,0,1,0,1,3,7,5,15,0,1,0,1,0,0,0,0.0,65,120,104,289.0,0.065,0.12,0.104,0.289,0,0,0,0.0,0,0,0,0.0,0,0,0,0.0,0,0,0,0.0,0,0,0,0.0,0,0,0,0.0,0,0,0,0.0,65,120,104,289.0,
158500600005,Smita Ankush Naik-5 FPS,NORTH GOA,585,GOA,2026,3,March,2026-08-04T21:39:39+00:00,52,52,0,0,100.0,28,0,0,28,24,0,0,24,28,0,0,28,24,0,0,24,0,0,0,0.0,1315,0,0,1315.0,1.315,0,0,1.315,0,0,0,0.0,0,0,0,0.0,0,0,0,0.0,0,0,0,0.0,0,0,0,0.0,0,0,0,0.0,0,0,0,0.0,1315,0,0,1315.0,
158500600006,GURUDAS YASHWANT SHET-6 FPS,NORTH GOA,585,GOA,2026,3,March,2026-08-04T21:39:40+00:00,82,82,0,0,100.0,33,9,15,57,19,3,3,25,33,9,15,57,19,3,3,25,0,0,0,0.0,1320,250,379,1949.0,1.32,0.25,0.379,1.949,0,0,0,0.0,0,0,0,0.0,0,0,0,0.0,0,0,0,0.0,0,0,0,0.0,0,0,0,0.0,0,0,0,0.0,1320,250,379,1949.0,
158500600024,SIDHARTH K. SHETVARGAONKAR-24 FPS,NORTH GOA,585,GOA,2026,3,March,2026-08-04T21:39:40+00:00,139,139,0,0,100.0,137,0,0,137,2,0,0,2,137,0,0,137,2,0,0,2,0,0,0,0.0,2665,0,0,2665.0,2.665,0,0,2.665,0,0,0,0.0,0,0,0,0.0,0,0,0,0.0,0,0,0,0.0,0,0,0,0.0,0,0,0,0.0,0,0,0,0.0,2665,0,0,2665.0,
158500600037,RAJESH STORE-38 FPS,NORTH GOA,585,GOA,2026,3,March,2026-08-04T21:39:41+00:00,8,8,0,0,100.0,3,5,0,8,0,0,0,0,3,5,0,8,0,0,0,0,0,0,0,0.0,40,70,0,110.0,0.04,0.07,0,0.11,0,0,0,0.0,0,0,0,0.0,0,0,0,0.0,0,0,0,0.0,0,0,0,0.0,0,0,0,0.0,0,0,0,0.0,40,70,0,110.0,
158500600046,PRAKASH STORES-54 FPS,NORTH GOA,585,GOA,2026,3,March,2026-08-04T21:39:41+00:00,97,97,0,0,100.0,69,3,21,93,1,0,3,4,69,3,21,93,1,0,3,4,0,0,0,0.0,1355,45,525,1925.0,1.355,0.045,0.525,1.925,0,0,0,0.0,0,0,0,0.0,0,0,0,0.0,0,0,0,0.0,0,0,0,0.0,0,0,0,0.0,0,0,0,0.0,1355,45,525,1925.0,
158500600047,PREMAKANT A NAIK-57 FPS,NORTH GOA,585,GOA,2026,3,March,2026-08-04T21:39:41+00:00,25,25,0,0,100.0,25,0,0,25,0,0,0,0,25,0,0,25,0,0,0,0,0,0,0,0.0,405,0,0,405.0,0.405,0,0,0.405,0,0,0,0.0,0,0,0,0.0,0,0,0,0.0,0,0,0,0.0,0,0,0,0.0,0,0,0,0.0,0,0,0,0.0,405,0,0,405.0,
158500600053,MAHESH A CHODANKAR-69 FPS,NORTH GOA,585,GOA,2026,3,March,2026-08-04T21:39:42+00:00,9,9,0,0,100.0,8,0,0,8,1,0,0,1,8,0,0,8,1,0,0,1,0,0,0,0.0,170,0,0,170.0,0.17,0,0,0.17,0,0,0,0.0,0,0,0,0.0,0,0,0,0.0,0,0,0,0.0,0,0,0,0.0,0,0,0,0.0,0,0,0,0.0,170,0,0,170.0,
158500600063,SUJAY VASANT NAIK-77 FPS,NORTH GOA,585,GOA,2026,3,March,2026-08-04T21:39:42+00:00,4,4,0,0,100.0,1,3,0,4,0,0,0,0,1,3,0,4,0,0,0,0,0,0,0,0.0,15,40,0,55.0,0.015,0.04,0,0.055,0,0,0,0.0,0,0,0,0.0,0,0,0,0.0,0,0,0,0.0,0,0,0,0.0,0,0,0,0.0,0,0,0,0.0,15,40,0,55.0,
158500600065,SHRI GANESH-66 FPS,NORTH GOA,585,GOA,2026,3,March,2026-08-04T21:39:43+00:00,238,238,0,0,100.0,133,68,25,226,6,2,4,12,133,68,25,226,6,2,4,12,0,0,0,0.0,2535,1365,615,4515.0,2.535,1.365,0.615,4.515,0,0,0,0.0,0,0,0,0.0,0,0,0,0.0,0,0,0,0.0,0,0,0,0.0,0,0,0,0.0,0,0,0,0.0,2535,1365,615,4515.0,
158500600066,SUBIJ DATTARAM PARULEKAR-14 FPS,NORTH GOA,585,GOA,2026,3,March,2026-08-04T21:39:43+00:00,196,196,0,0,100.0,175,5,8,188,5,0,3,8,175,5,8,188,5,0,3,8,0,0,0,0.0,4065,95,260,4420.0,4.065,0.095,0.26,4.42,0,0,0,0.0,0,0,0,0.0,0,0,0,0.0,0,0,0,0.0,0,0,0,0.0,0,0,0,0.0,0,0,0,0.0,4065,95,260,4420.0,
158500600067,PUSHPA R NAIK-18 FPS,NORTH GOA,585,GOA,2026,3,March,2026-08-04T21:39:44+00:00,30,30,0,0,100.0,28,2,0,30,0,0,0,0,28,2,0,30,0,0,0,0,0,0,0,0.0,515,15,0,530.0,0.515,0.015,0,0.53,0,0,0,0.0,0,0,0,0.0,0,0,0,0.0,0,0,0,0.0,0,0,0,0.0,0,0,0,0.0,0,0,0,0.0,515,15,0,530.0,
158500600068,A N GOVENKAR-21 FPS,NORTH GOA,585,GOA,2026,3,March,2026-08-04T21:39:44+00:00,66,66,0,0,100.0,10,47,0,57,2,7,0,9,10,47,0,57,2,7,0,9,0,0,0,0.0,240,1175,0,1415.0,0.24,1.175,0,1.415,0,0,0,0.0,0,0,0,0.0,0,0,0,0.0,0,0,0,0.0,0,0,0,0.0,0,0,0,0.0,0,0,0,0.0,240,1175,0,1415.0,
158500600069,SURESH V BORKAR-26 FPS,NORTH GOA,585,GOA,2026,3,March,2026-08-04T21:39:44+00:00,91,91,0,0,100.0,80,1,0,81,10,0,0,10,80,1,0,81,10,0,0,10,0,0,0,0.0,1885,25,0,1910.0,1.885,0.025,0,1.91,0,0,0,0.0,0,0,0,0.0,0,0,0,0.0,0,0,0,0.0,0,0,0,0.0,0,0,0,0.0,0,0,0,0.0,1885,25,0,1910.0,
158500600070,PRIYANKA PANDURANG SHET-27 FPS,NORTH GOA,585,GOA,2026,3,March,2026-08-04T21:39:45+00:00,285,285,0,0,100.0,276,0,0,276,9,0,0,9,275,0,0,275,9,0,0,9,0,0,0,0.0,4860,0,0,4860.0,4.86,0,0,4.86,0,0,0,0.0,0,0,0,0.0,0,0,0,0.0,0,0,0,0.0,0,0,0,0.0,0,0,0,0.0,0,0,0,0.0,4860,0,0,4860.0,
158500600071,SHETKARI ADARSH V K S S STY-29 FPS,NORTH GOA,585,GOA,2026,3,March,2026-08-04T21:39:45+00:00,243,243,0,0,100.0,194,1,0,195,48,0,0,48,194,1,0,195,48,0,0,48,0,0,0,0.0,4495,10,0,4505.0,4.495,0.01,0,4.505,0,0,0,0.0,0,0,0,0.0,0,0,0,0.0,0,0,0,0.0,0,0,0,0.0,0,0,0,0.0,0,0,0,0.0,4495,10,0,4505.0,
158500600072,P P KARAPURKAR-35 FPS,NORTH GOA,585,GOA,2026,3,March,2026-08-04T21:39:46+00:00,123,123,0,0,100.0,96,1,1,98,24,0,1,25,96,1,1,98,24,0,1,25,0,0,0,0.0,2510,10,50,2570.0,2.51,0.01,0.05,2.57,0,0,0,0.0,0,0,0,0.0,0,0,0,0.0,0,0,0,0.0,0,0,0,0.0,0,0,0,0.0,0,0,0,0.0,2510,10,50,2570.0,
158500600073,Vivina Vinod Madkaikar -36 FPS,NORTH GOA,585,GOA,2026,3,March,2026-08-04T21:39:46+00:00,54,54,0,0,100.0,53,0,0,53,1,0,0,1,53,0,0,53,1,0,0,1,0,0,0,0.0,1135,0,0,1135.0,1.135,0,0,1.135,0,0,0,0.0,0,0,0,0.0,0,0,0,0.0,0,0,0,0.0,0,0,0,0.0,0,0,0,0.0,0,0,0,0.0,1135,0,0,1135.0,
158500600074,VRUNDA NAIK-42 FPS,NORTH GOA,585,GOA,2026,3,March,2026-08-04T21:39:46+00:00,143,143,0,0,100.0,61,66,11,138,2,1,2,5,61,66,11,138,2,1,2,5,0,0,0,0.0,1240,1150,270,2660.0,1.24,1.15,0.27,2.66,0,0,0,0.0,0,0,0,0.0,0,0,0,0.0,0,0,0,0.0,0,0,0,0.0,0,0,0,0.0,0,0,0,0.0,1240,1150,270,2660.0,
158500600075,SHRI. PRAJAY ALIAS RAMRAI P. NAIK-40 FPS,NORTH GOA,585,GOA,2026,3,March,2026-08-04T21:39:47+00:00,209,209,0,0,100.0,179,1,11,191,18,0,0,18,179,1,11,191,18,0,0,18,0,0,0,0.0,3870,5,182,4057.0,3.87,0.005,0.182,4.057,0,0,0,0.0,0,0,0,0.0,0,0,0,0.0,0,0,0,0.0,0,0,0,0.0,0,0,0,0.0,0,0,0,0.0,3870,5,182,4057.0,
158500600076,NAMDEV K .NAIK-49 FPS,NORTH GOA,585,GOA,2026,3,March,2026-08-04T21:39:47+00:00,217,217,0,0,100.0,101,52,31,184,21,7,5,33,101,52,31,184,21,7,5,33,0,0,0,0.0,2595,1155,800,4550.0,2.595,1.155,0.8,4.55,0,0,0,0.0,0,0,0,0.0,0,0,0,0.0,0,0,0,0.0,0,0,0,0.0,0,0,0,0.0,0,0,0,0.0,2595,1155,800,4550.0,
158500600077,RAMITA ASHOK SHIRODKAR-50 FPS,NORTH GOA,585,GOA,2026,3,March,2026-08-04T21:39:48+00:00,213,213,0,0,100.0,207,0,0,207,6,0,0,6,207,0,0,207,6,0,0,6,0,0,0,0.0,4905,0,0,4905.0,4.905,0,0,4.905,0,0,0,0.0,0,0,0,0.0,0,0,0,0.0,0,0,0,0.0,0,0,0,0.0,0,0,0,0.0,0,0,0,0.0,4905,0,0,4905.0,
158500600078,GOMATI P. NAIK-60 FPS,NORTH GOA,585,GOA,2026,3,March,2026-08-04T21:39:48+00:00,50,50,0,0,100.0,40,0,0,40,10,0,0,10,40,0,0,40,10,0,0,10,0,0,0,0.0,1070,0,0,1070.0,1.07,0,0,1.07,0,0,0,0.0,0,0,0,0.0,0,0,0,0.0,0,0,0,0.0,0,0,0,0.0,0,0,0,0.0,0,0,0,0.0,1070,0,0,1070.0,
158500600079,JUDITH VAZ-64 FPS,NORTH GOA,585,GOA,2026,3,March,2026-08-04T21:39:48+00:00,90,90,0,0,100.0,82,5,0,87,3,0,0,3,82,5,0,87,3,0,0,3,0,0,0,0.0,1515,75,0,1590.0,1.515,0.075,0,1.59,0,0,0,0.0,0,0,0,0.0,0,0,0,0.0,0,0,0,0.0,0,0,0,0.0,0,0,0,0.0,0,0,0,0.0,1515,75,0,1590.0,
158500600080,PIEDADE SERVICE CO OP SOCIETY PVT LTD-22 FPS,NORTH GOA,585,GOA,2026,3,March,2026-08-04T21:39:49+00:00,205,205,0,0,100.0,167,3,9,179,26,0,0,26,167,3,9,179,26,0,0,26,0,0,0,0.0,3895,55,160,4110.0,3.895,0.055,0.16,4.11,0,0,0,0.0,0,0,0,0.0,0,0,0,0.0,0,0,0,0.0,0,0,0,0.0,0,0,0,0.0,0,0,0,0.0,3895,55,160,4110.0,
158500600081,VENKATESH A SAWANT-23 FPS,NORTH GOA,585,GOA,2026,3,March,2026-08-04T21:39:49+00:00,165,165,0,0,100.0,140,1,2,143,22,0,0,22,140,1,2,143,22,0,0,22,0,0,0,0.0,3235,5,30,3270.0,3.235,0.005,0.03,3.27,0,0,0,0.0,0,0,0,0.0,0,0,0,0.0,0,0,0,0.0,0,0,0,0.0,0,0,0,0.0,0,0,0,0.0,3235,5,30,3270.0,
158500600082,AJAY A PAI-28 FPS,NORTH GOA,585,GOA,2026,3,March,2026-08-04T21:39:49+00:00,86,86,0,0,100.0,84,1,0,85,1,0,0,1,84,1,0,85,1,0,0,1,0,0,0,0.0,1360,5,0,1365.0,1.36,0.005,0,1.365,0,0,0,0.0,0,0,0,0.0,0,0,0,0.0,0,0,0,0.0,0,0,0,0.0,0,0,0,0.0,0,0,0,0.0,1360,5,0,1365.0,
158500600083,Smt. Roshan V. Natekar-37 FPS,NORTH GOA,585,GOA,2026,3,March,2026-08-04T21:39:50+00:00,31,31,0,0,100.0,24,4,2,30,1,0,0,1,24,4,2,30,1,0,0,1,0,0,0,0.0,405,45,35,485.0,0.405,0.045,0.035,0.485,0,0,0,0.0,0,0,0,0.0,0,0,0,0.0,0,0,0,0.0,0,0,0,0.0,0,0,0,0.0,0,0,0,0.0,405,45,35,485.0,
158500600084,DAMODAR R HOBLE-4 FPS,NORTH GOA,585,GOA,2026,3,March,2026-08-04T21:39:50+00:00,51,51,0,0,100.0,43,0,3,46,3,0,2,5,43,0,3,46,3,0,2,5,0,0,0,0.0,790,0,125,915.0,0.79,0,0.125,0.915,0,0,0,0.0,0,0,0,0.0,0,0,0,0.0,0,0,0,0.0,0,0,0,0.0,0,0,0,0.0,0,0,0,0.0,790,0,125,915.0,
158500600086,REENA PILANKAR-8 FPS,NORTH GOA,585,GOA,2026,3,March,2026-08-04T21:39:50+00:00,109,109,0,0,100.0,42,20,42,104,0,0,5,5,42,20,42,104,0,0,5,5,0,0,0,0.0,875,375,1056,2306.0,0.875,0.375,1.056,2.306,0,0,0,0.0,0,0,0,0.0,0,0,0,0.0,0,0,0,0.0,0,0,0,0.0,0,0,0,0.0,0,0,0,0.0,875,375,1056,2306.0,
158500600087,JANATA CONSUMER CO OP STY-9 FPS,NORTH GOA,585,GOA,2026,3,March,2026-08-04T21:39:51+00:00,50,50,0,0,100.0,38,1,7,46,3,0,1,4,38,1,7,46,3,0,1,4,0,0,0,0.0,760,30,175,965.0,0.76,0.03,0.175,0.965,0,0,0,0.0,0,0,0,0.0,0,0,0,0.0,0,0,0,0.0,0,0,0,0.0,0,0,0,0.0,0,0,0,0.0,760,30,175,965.0,
158500600088,KRISHNA V KUDNEKAR-10 FPS,NORTH GOA,585,GOA,2026,3,March,2026-08-04T21:39:51+00:00,151,151,0,0,100.0,90,1,54,145,0,0,6,6,89,1,54,144,0,0,6,6,0,0,0,0.0,1775,15,1300,3090.0,1.775,0.015,1.3,3.09,0,0,0,0.0,0,0,0,0.0,0,0,0,0.0,0,0,0,0.0,0,0,0,0.0,0,0,0,0.0,0,0,0,0.0,1775,15,1300,3090.0,
158500600090,LAVU RAGHUVIR HOBLE-15 FPS,NORTH GOA,585,GOA,2026,3,March,2026-08-04T21:39:52+00:00,68,68,0,0,100.0,54,9,0,63,5,0,0,5,54,9,0,63,5,0,0,5,0,0,0,0.0,1300,160,0,1460.0,1.3,0.16,0,1.46,0,0,0,0.0,0,0,0,0.0,0,0,0,0.0,0,0,0,0.0,0,0,0,0.0,0,0,0,0.0,0,0,0,0.0,1300,160,0,1460.0,
158500600091,RUKMA R.P MHAMBREY-13 FPS,NORTH GOA,585,GOA,2026,3,March,2026-08-04T21:39:52+00:00,105,105,0,0,100.0,92,3,7,102,3,0,0,3,92,3,7,102,3,0,0,3,0,0,0,0.0,1610,55,145,1810.0,1.61,0.055,0.145,1.81,0,0,0,0.0,0,0,0,0.0,0,0,0,0.0,0,0,0,0.0,0,0,0,0.0,0,0,0,0.0,0,0,0,0.0,1610,55,145,1810.0,
158500600092,RADHAKRISHNA STORES-16 FPS,NORTH GOA,585,GOA,2026,3,March,2026-08-04T21:39:52+00:00,289,289,0,0,100.0,240,9,27,276,11,0,2,13,240,9,26,275,11,0,2,13,0,0,0,0.0,6165,210,555,6930.0,6.165,0.21,0.555,6.93,0,0,0,0.0,0,0,0,0.0,0,0,0,0.0,0,0,0,0.0,0,0,0,0.0,0,0,0,0.0,0,0,0,0.0,6165,210,555,6930.0,
158500600093,SANDEEP S BHONSULE-17 FPS,NORTH GOA,585,GOA,2026,3,March,2026-08-04T21:39:53+00:00,24,24,0,0,100.0,2,17,0,19,5,0,0,5,2,17,0,19,5,0,0,5,0,0,0,0.0,195,395,0,590.0,0.195,0.395,0,0.59,0,0,0,0.0,0,0,0,0.0,0,0,0,0.0,0,0,0,0.0,0,0,0,0.0,0,0,0,0.0,0,0,0,0.0,195,395,0,590.0,
158500600094,NILKANTH P PALEKAR-19 FPS,NORTH GOA,585,GOA,2026,3,March,2026-08-04T21:39:53+00:00,353,353,0,0,100.0,163,14,157,334,3,0,16,19,163,14,157,334,3,0,16,19,0,0,0,0.0,3165,270,3805,7240.0,3.165,0.27,3.805,7.24,0,0,0,0.0,0,0,0,0.0,0,0,0,0.0,0,0,0,0.0,0,0,0,0.0,0,0,0,0.0,0,0,0,0.0,3165,270,3805,7240.0,
158500600095,VASUDEV V KAMAT-30 FPS,NORTH GOA,585,GOA,2026,3,March,2026-08-04T21:39:54+00:00,116,116,0,0,100.0,97,0,1,98,18,0,0,18,97,0,1,98,18,0,0,18,0,0,0,0.0,2395,0,20,2415.0,2.395,0,0.02,2.415,0,0,0,0.0,0,0,0,0.0,0,0,0,0.0,0,0,0,0.0,0,0,0,0.0,0,0,0,0.0,0,0,0,0.0,2395,0,20,2415.0,
158500600096,NARESH V SHIRODKAR-31 FPS,NORTH GOA,585,GOA,2026,3,March,2026-08-04T21:39:54+00:00,58,58,0,0,100.0,54,0,0,54,4,0,0,4,54,0,0,54,4,0,0,4,0,0,0,0.0,975,0,0,975.0,0.975,0,0,0.975,0,0,0,0.0,0,0,0,0.0,0,0,0,0.0,0,0,0,0.0,0,0,0,0.0,0,0,0,0.0,0,0,0,0.0,975,0,0,975.0,
158500600097,R M DHOND-32 FPS,NORTH GOA,585,GOA,2026,3,March,2026-08-04T21:39:55+00:00,19,19,0,0,100.0,18,0,0,18,1,0,0,1,18,0,0,18,1,0,0,1,0,0,0,0.0,275,0,0,275.0,0.275,0,0,0.275,0,0,0,0.0,0,0,0,0.0,0,0,0,0.0,0,0,0,0.0,0,0,0,0.0,0,0,0,0.0,0,0,0,0.0,275,0,0,275.0,
158500600098,GULABI PRABHAKAR NAIK-33 FPS,NORTH GOA,585,GOA,2026,3,March,2026-08-04T21:39:55+00:00,83,83,0,0,100.0,80,1,0,81,2,0,0,2,80,1,0,81,2,0,0,2,0,0,0,0.0,1410,10,0,1420.0,1.41,0.01,0,1.42,0,0,0,0.0,0,0,0,0.0,0,0,0,0.0,0,0,0,0.0,0,0,0,0.0,0,0,0,0.0,0,0,0,0.0,1410,10,0,1420.0,
158500600100,R K BANDODKAR-41 FPS,NORTH GOA,585,GOA,2026,3,March,2026-08-04T21:39:55+00:00,100,100,0,0,100.0,90,4,2,96,3,0,1,4,90,4,2,96,3,0,1,4,0,0,0,0.0,1630,60,75,1765.0,1.63,0.06,0.075,1.765,0,0,0,0.0,0,0,0,0.0,0,0,0,0.0,0,0,0,0.0,0,0,0,0.0,0,0,0,0.0,0,0,0,0.0,1630,60,75,1765.0,
158500600102,S S VAINGANKAR-53 FPS,NORTH GOA,585,GOA,2026,3,March,2026-08-04T21:39:56+00:00,14,14,0,0,100.0,13,0,1,14,0,0,0,0,13,0,1,14,0,0,0,0,0,0,0,0.0,200,0,20,220.0,0.2,0,0.02,0.22,0,0,0,0.0,0,0,0,0.0,0,0,0,0.0,0,0,0,0.0,0,0,0,0.0,0,0,0,0.0,0,0,0,0.0,200,0,20,220.0,
158500600105,PRAKASH U NAIK-75 FPS,NORTH GOA,585,GOA,2026,3,March,2026-08-04T21:39:56+00:00,6,6,0,0,100.0,0,6,0,6,0,0,0,0,0,6,0,6,0,0,0,0,0,0,0,0.0,0,125,0,125.0,0,0.125,0,0.125,0,0,0,0.0,0,0,0,0.0,0,0,0,0.0,0,0,0,0.0,0,0,0,0.0,0,0,0,0.0,0,0,0,0.0,0,125,0,125.0,
158500600107,AQSHI V K S STY-20 FPS,NORTH GOA,585,GOA,2026,3,March,2026-08-04T21:39:56+00:00,160,160,0,0,100.0,131,0,16,147,12,0,1,13,131,0,16,147,12,0,1,13,0,0,0,0.0,2815,0,320,3135.0,2.815,0,0.32,3.135,0,0,0,0.0,0,0,0,0.0,0,0,0,0.0,0,0,0,0.0,0,0,0,0.0,0,0,0,0.0,0,0,0,0.0,2815,0,320,3135.0,
158500600549,ULHAS P PALEKAR-59 FPS,NORTH GOA,585,GOA,2026,3,March,2026-08-04T21:39:57+00:00,22,22,0,0,100.0,22,0,0,22,0,0,0,0,22,0,0,22,0,0,0,0,0,0,0,0.0,339,0,0,339.0,0.339,0,0,0.339,0,0,0,0.0,0,0,0,0.0,0,0,0,0.0,0,0,0,0.0,0,0,0,0.0,0,0,0,0.0,0,0,0,0.0,339,0,0,339.0,
158500600551,SHELLY FERNANDES-25 FPS,NORTH GOA,585,GOA,2026,3,March,2026-08-04T21:39:57+00:00,177,177,0,0,100.0,165,3,1,169,8,0,0,8,165,3,1,169,8,0,0,8,0,0,0,0.0,3280,50,15,3345.0,3.28,0.05,0.015,3.345,0,0,0,0.0,0,0,0,0.0,0,0,0,0.0,0,0,0,0.0,0,0,0,0.0,0,0,0,0.0,0,0,0,0.0,3280,50,15,3345.0,
158600100001,ASHA UTTAM FAL DESSAI-2 FPS,SOUTH GOA,586,GOA,2026,3,March,2026-08-04T20:33:22+00:00,562,562,0,0,100.0,380,0,0,380,182,0,0,182,380,0,0,380,181,0,0,181,0,0,0,0.0,13715,0,0,13715.0,13.715,0,0,13.715,0,0,0,0.0,0,0,0,0.0,0,0,0,0.0,0,0,0,0.0,0,0,0,0.0,0,0,0,0.0,0,0,0,0.0,13715,0,0,13715.0,
158600100002,SHRI GURUDAS RAMA MAHALE-3 FPS,SOUTH GOA,586,GOA,2026,3,March,2026-08-04T20:33:23+00:00,573,573,0,0,100.0,545,1,0,546,27,0,0,27,545,1,0,546,27,0,0,27,0,0,0,0.0,10240,10,0,10250.0,10.24,0.01,0,10.25,0,0,0,0.0,0,0,0,0.0,0,0,0,0.0,0,0,0,0.0,0,0,0,0.0,0,0,0,0.0,0,0,0,0.0,10240,10,0,10250.0,
158600100003,V.R.SHENVI-9 FPS,SOUTH GOA,586,GOA,2026,3,March,2026-08-04T21:40:09+00:00,560,560,0,0,100.0,536,10,5,551,8,1,0,9,536,10,5,551,8,1,0,9,0,0,0,0.0,9735,225,90,10050.0,9.735,0.225,0.09,10.05,0,0,0,0.0,0,0,0,0.0,0,0,0,0.0,0,0,0,0.0,0,0,0,0.0,0,0,0,0.0,0,0,0,0.0,9735,225,90,10050.0,
158600100004,VIJOY PURUSHOTTOM NAIQUE-12 FPS,SOUTH GOA,586,GOA,2026,3,March,2026-08-04T21:40:10+00:00,636,636,0,0,100.0,609,8,0,617,19,0,0,19,609,8,0,617,19,0,0,19,0,0,0,0.0,13595,110,0,13705.0,13.595,0.11,0,13.705,0,0,0,0.0,0,0,0,0.0,0,0,0,0.0,0,0,0,0.0,0,0,0,0.0,0,0,0,0.0,0,0,0,0.0,13595,110,0,13705.0,
158600100005,KRISHNA J VELIP-16 FPS,SOUTH GOA,586,GOA,2026,3,March,2026-08-04T21:40:10+00:00,236,236,0,0,100.0,226,1,0,227,9,0,0,9,226,1,0,227,9,0,0,9,0,0,0,0.0,5550,30,0,5580.0,5.55,0.03,0,5.58,0,0,0,0.0,0,0,0,0.0,0,0,0,0.0,0,0,0,0.0,0,0,0,0.0,0,0,0,0.0,0,0,0,0.0,5550,30,0,5580.0,
158600100006,SHRI NARAYAN M VELIP-19 FPS,SOUTH GOA,586,GOA,2026,3,March,2026-08-04T21:40:10+00:00,1486,1486,0,0,100.0,1306,29,1,1336,149,1,0,150,1305,29,1,1335,149,1,0,150,0,0,0,0.0,32145,770,30,32945.0,32.145,0.77,0.03,32.945,0,0,0,0.0,0,0,0,0.0,0,0,0,0.0,0,0,0,0.0,0,0,0,0.0,0,0,0,0.0,0,0,0,0.0,32145,770,30,32945.0,
158600100007,VINITA FAIR PRICE SHOP-23 FPS,SOUTH GOA,586,GOA,2026,3,March,2026-08-04T21:40:11+00:00,232,232,0,0,100.0,220,1,0,221,11,0,0,11,219,1,0,220,11,0,0,11,0,0,0,0.0,4130,15,0,4145.0,4.13,0.015,0,4.145,0,0,0,0.0,0,0,0,0.0,0,0,0,0.0,0,0,0,0.0,0,0,0,0.0,0,0,0,0.0,0,0,0,0.0,4130,15,0,4145.0,
158600100008,RAMANAND N.S DALAL-24 FPS,SOUTH GOA,586,GOA,2026,3,March,2026-08-04T21:40:11+00:00,179,179,0,0,100.0,170,0,1,171,8,0,0,8,170,0,1,171,8,0,0,8,0,0,0,0.0,3175,0,10,3185.0,3.175,0,0.01,3.185,0,0,0,0.0,0,0,0,0.0,0,0,0,0.0,0,0,0,0.0,0,0,0,0.0,0,0,0,0.0,0,0,0,0.0,3175,0,10,3185.0,
158600100009,D.V.KAMAT-10 FPS,SOUTH GOA,586,GOA,2026,3,March,2026-08-04T21:40:12+00:00,329,329,0,0,100.0,292,0,0,292,37,0,0,37,292,0,0,292,37,0,0,37,0,0,0,0.0,6425,0,0,6425.0,6.425,0,0,6.425,0,0,0,0.0,0,0,0,0.0,0,0,0,0.0,0,0,0,0.0,0,0,0,0.0,0,0,0,0.0,0,0,0,0.0,6425,0,0,6425.0,
158600100010,SHASHIKALA R. SHENVI-17 FPS,SOUTH GOA,586,GOA,2026,3,March,2026-08-04T21:40:12+00:00,655,655,0,0,100.0,610,14,0,624,31,0,0,31,610,14,0,624,31,0,0,31,0,0,0,0.0,12755,245,0,13000.0,12.755,0.245,0,13.0,0,0,0,0.0,0,0,0,0.0,0,0,0,0.0,0,0,0,0.0,0,0,0,0.0,0,0,0,0.0,0,0,0,0.0,12755,245,0,13000.0,
158600100011,SAYED ABDUL KHALIF-18 FPS,SOUTH GOA,586,GOA,2026,3,March,2026-08-04T21:40:12+00:00,251,251,0,0,100.0,220,1,3,224,27,0,0,27,220,1,3,224,27,0,0,27,0,0,0,0.0,4655,5,65,4725.0,4.655,0.005,0.065,4.725,0,0,0,0.0,0,0,0,0.0,0,0,0,0.0,0,0,0,0.0,0,0,0,0.0,0,0,0,0.0,0,0,0,0.0,4655,5,65,4725.0,
158600100012,CANACONA S K V SOCIETY-21 FPS,SOUTH GOA,586,GOA,2026,3,March,2026-08-04T21:40:13+00:00,229,229,0,0,100.0,206,0,1,207,22,0,0,22,206,0,1,207,22,0,0,22,0,0,0,0.0,4585,0,16,4601.0,4.585,0,0.016,4.601,0,0,0,0.0,0,0,0,0.0,0,0,0,0.0,0,0,0,0.0,0,0,0,0.0,0,0,0,0.0,0,0,0,0.0,4585,0,16,4601.0,
158600100058,SAYED ABDUL KHALIF-25 FPS,SOUTH GOA,586,GOA,2026,3,March,2026-08-04T21:40:13+00:00,185,185,0,0,100.0,152,9,8,169,15,0,1,16,152,9,8,169,15,0,1,16,0,0,0,0.0,3240,145,220,3605.0,3.24,0.145,0.22,3.605,0,0,0,0.0,0,0,0,0.0,0,0,0,0.0,0,0,0,0.0,0,0,0,0.0,0,0,0,0.0,0,0,0,0.0,3240,145,220,3605.0,
158600100059,S.S.NAIK-1 FPS,SOUTH GOA,586,GOA,2026,3,March,2026-08-04T21:40:13+00:00,317,317,0,0,100.0,290,0,3,293,24,0,0,24,290,0,3,293,24,0,0,24,0,0,0,0.0,6140,0,75,6215.0,6.14,0,0.075,6.215,0,0,0,0.0,0,0,0,0.0,0,0,0,0.0,0,0,0,0.0,0,0,0,0.0,0,0,0,0.0,0,0,0,0.0,6140,0,75,6215.0,
158600100060,NITESH KUST GAONKAR  -26 FPS,SOUTH GOA,586,GOA,2026,3,March,2026-08-04T21:40:14+00:00,360,360,0,0,100.0,347,0,0,347,13,0,0,13,347,0,0,347,13,0,0,13,0,0,0,0.0,7365,0,0,7365.0,7.365,0,0,7.365,0,0,0,0.0,0,0,0,0.0,0,0,0,0.0,0,0,0,0.0,0,0,0,0.0,0,0,0,0.0,0,0,0,0.0,7365,0,0,7365.0,
158600200001,DHARBANDODA VKSS STY LTD-4 FPS,SOUTH GOA,586,GOA,2026,3,March,2026-08-04T21:40:14+00:00,663,663,0,0,100.0,612,3,0,615,47,1,0,48,612,3,0,615,47,1,0,48,0,0,0,0.0,13515,70,0,13585.0,13.515,0.07,0,13.585,0,0,0,0.0,0,0,0,0.0,0,0,0,0.0,0,0,0,0.0,0,0,0,0.0,0,0,0,0.0,0,0,0,0.0,13515,70,0,13585.0,
158600200002,DHARBANDODA VKSS STY LTD-10 FPS,SOUTH GOA,586,GOA,2026,3,March,2026-08-04T21:40:14+00:00,240,240,0,0,100.0,211,4,0,215,25,0,0,25,211,3,0,214,25,0,0,25,0,0,0,0.0,5210,65,0,5275.0,5.21,0.065,0,5.275,0,0,0,0.0,0,0,0,0.0,0,0,0,0.0,0,0,0,0.0,0,0,0,0.0,0,0,0,0.0,0,0,0,0.0,5210,65,0,5275.0,
158600200003,SANCORDA V K S S-7 FPS,SOUTH GOA,586,GOA,2026,3,March,2026-08-04T21:40:15+00:00,106,106,0,0,100.0,101,0,0,101,5,0,0,5,101,0,0,101,5,0,0,5,0,0,0,0.0,1917,0,0,1917.0,1.917,0,0,1.917,0,0,0,0.0,0,0,0,0.0,0,0,0,0.0,0,0,0,0.0,0,0,0,0.0,0,0,0,0.0,0,0,0,0.0,1917,0,0,1917.0,
158600200004,COLLEM.V.K.S.STY-17 FPS,SOUTH GOA,586,GOA,2026,3,March,2026-08-04T21:40:15+00:00,737,737,0,0,100.0,713,2,0,715,22,0,0,22,713,2,0,715,22,0,0,22,0,0,0,0.0,14410,45,0,14455.0,14.41,0.045,0,14.455,0,0,0,0.0,0,0,0,0.0,0,0,0,0.0,0,0,0,0.0,0,0,0,0.0,0,0,0,0.0,0,0,0,0.0,14410,45,0,14455.0,
158600200005,M.S.TALAULICAR MINE STAFF CONS COOP SOCIETY LTD-6 FPS,SOUTH GOA,586,GOA,2026,3,March,2026-08-04T21:40:15+00:00,257,241,0,16,93.77,247,0,0,247,10,0,0,10,247,0,0,247,10,0,0,10,0,0,0,0.0,4930,0,0,4930.0,4.93,0,0,4.93,0,0,0,0.0,0,0,0,0.0,0,0,0,0.0,0,0,0,0.0,0,0,0,0.0,0,0,0,0.0,0,0,0,0.0,4930,0,0,4930.0,
158600200006,ANKITA A. DESSAI-8 FPS,SOUTH GOA,586,GOA,2026,3,March,2026-08-04T21:40:16+00:00,161,161,0,0,100.0,158,0,0,158,3,0,0,3,158,0,0,158,3,0,0,3,0,0,0,0.0,3255,0,0,3255.0,3.255,0,0,3.255,0,0,0,0.0,0,0,0,0.0,0,0,0,0.0,0,0,0,0.0,0,0,0,0.0,0,0,0,0.0,0,0,0,0.0,3255,0,0,3255.0,
158600200007,SANJIVANI SAHAKARI GRAHAK SANSTHA LTD-27 FPS,SOUTH GOA,586,GOA,2026,3,March,2026-08-04T21:40:16+00:00,55,55,0,0,100.0,51,1,0,52,3,0,0,3,51,1,0,52,3,0,0,3,0,0,0,0.0,1055,15,0,1070.0,1.055,0.015,0,1.07,0,0,0,0.0,0,0,0,0.0,0,0,0,0.0,0,0,0,0.0,0,0,0,0.0,0,0,0,0.0,0,0,0,0.0,1055,15,0,1070.0,
158600200008,SATERI V K S STY-22 FPS,SOUTH GOA,586,GOA,2026,3,March,2026-08-04T21:40:17+00:00,528,528,0,0,100.0,488,0,0,488,40,0,0,40,486,0,0,486,40,0,0,40,0,0,0,0.0,10580,0,0,10580.0,10.58,0,0,10.58,0,0,0,0.0,0,0,0,0.0,0,0,0,0.0,0,0,0,0.0,0,0,0,0.0,0,0,0,0.0,0,0,0,0.0,10580,0,0,10580.0,
158600200025,SITABAI KAVLEKAR 14 FPS EXT.,SOUTH GOA,586,GOA,2026,3,March,2026-08-04T21:40:17+00:00,283,283,0,0,100.0,267,12,0,279,4,0,0,4,266,12,0,278,4,0,0,4,0,0,0,0.0,5285,235,0,5520.0,5.285,0.235,0,5.52,0,0,0,0.0,0,0,0,0.0,0,0,0,0.0,0,0,0,0.0,0,0,0,0.0,0,0,0,0.0,0,0,0,0.0,5285,235,0,5520.0,
158600300002,SHANTI ASHOK DEVSHEKHAR-51 FPS,SOUTH GOA,586,GOA,2026,3,March,2026-08-04T21:40:18+00:00,55,55,0,0,100.0,54,1,0,55,0,0,0,0,54,1,0,55,0,0,0,0,0,0,0,0.0,1055,10,0,1065.0,1.055,0.01,0,1.065,0,0,0,0.0,0,0,0,0.0,0,0,0,0.0,0,0,0,0.0,0,0,0,0.0,0,0,0,0.0,0,0,0,0.0,1055,10,0,1065.0,
158600300003,BERNARDETE GONSALVES-48 FPS,SOUTH GOA,586,GOA,2026,3,March,2026-08-04T21:40:18+00:00,260,260,0,0,100.0,215,0,37,252,0,0,8,8,215,0,37,252,0,0,8,8,0,0,0,0.0,3160,0,1011,4171.0,3.16,0,1.011,4.171,0,0,0,0.0,0,0,0,0.0,0,0,0,0.0,0,0,0,0.0,0,0,0,0.0,0,0,0,0.0,0,0,0,0.0,3160,0,1011,4171.0,
158600300004,SANTANO GAMA-34 FPS,SOUTH GOA,586,GOA,2026,3,March,2026-08-04T21:40:18+00:00,187,187,0,0,100.0,185,1,1,187,0,0,0,0,185,1,1,187,0,0,0,0,0,0,0,0.0,3150,15,15,3180.0,3.15,0.015,0.015,3.18,0,0,0,0.0,0,0,0,0.0,0,0,0,0.0,0,0,0,0.0,0,0,0,0.0,0,0,0,0.0,0,0,0,0.0,3150,15,15,3180.0,
158600300005,JIVRAJ T SAVARDEKAR-31 FPS,SOUTH GOA,586,GOA,2026,3,March,2026-08-04T21:40:18+00:00,85,85,0,0,100.0,85,0,0,85,0,0,0,0,85,0,0,85,0,0,0,0,0,0,0,0.0,1855,0,0,1855.0,1.855,0,0,1.855,0,0,0,0.0,0,0,0,0.0,0,0,0,0.0,0,0,0,0.0,0,0,0,0.0,0,0,0,0.0,0,0,0,0.0,1855,0,0,1855.0,
158600300006,JULIA DIAS-25 FPS,SOUTH GOA,586,GOA,2026,3,March,2026-08-04T21:40:19+00:00,69,69,0,0,100.0,69,0,0,69,0,0,0,0,69,0,0,69,0,0,0,0,0,0,0,0.0,1470,0,0,1470.0,1.47,0,0,1.47,0,0,0,0.0,0,0,0,0.0,0,0,0,0.0,0,0,0,0.0,0,0,0,0.0,0,0,0,0.0,0,0,0,0.0,1470,0,0,1470.0,
158600300007,SANCOALE CHICALIM SERVICE CO OPERATIVE SOCIETY LTD-17 FPS,SOUTH GOA,586,GOA,2026,3,March,2026-08-04T21:40:19+00:00,229,229,0,0,100.0,229,0,0,229,0,0,0,0,229,0,0,229,0,0,0,0,0,0,0,0.0,4255,0,0,4255.0,4.255,0,0,4.255,0,0,0,0.0,0,0,0,0.0,0,0,0,0.0,0,0,0,0.0,0,0,0,0.0,0,0,0,0.0,0,0,0,0.0,4255,0,0,4255.0,
158600300008,"CANSAULIM,AROSSIM,CUELIM SERVICE CO OP STY-16 FPS",SOUTH GOA,586,GOA,2026,3,March,2026-08-04T21:40:19+00:00,196,196,0,0,100.0,186,0,6,192,0,0,4,4,186,0,6,192,0,0,4,4,0,0,0,0.0,2635,0,235,2870.0,2.635,0,0.235,2.87,0,0,0,0.0,0,0,0,0.0,0,0,0,0.0,0,0,0,0.0,0,0,0,0.0,0,0,0,0.0,0,0,0,0.0,2635,0,235,2870.0,
158600300009,SAMPADA M P DESAI-55 FPS,SOUTH GOA,586,GOA,2026,3,March,2026-08-04T21:40:20+00:00,20,20,0,0,100.0,3,17,0,20,0,0,0,0,3,17,0,20,0,0,0,0,0,0,0,0.0,50,290,0,340.0,0.05,0.29,0,0.34,0,0,0,0.0,0,0,0,0.0,0,0,0,0.0,0,0,0,0.0,0,0,0,0.0,0,0,0,0.0,0,0,0,0.0,50,290,0,340.0,
158600300010,SAGAR VENGURLEKAR-54 FPS,SOUTH GOA,586,GOA,2026,3,March,2026-08-04T21:40:20+00:00,63,63,0,0,100.0,56,0,6,62,0,0,1,1,56,0,6,62,0,0,1,1,0,0,0,0.0,1125,0,122,1247.0,1.125,0,0.122,1.247,0,0,0,0.0,0,0,0,0.0,0,0,0,0.0,0,0,0,0.0,0,0,0,0.0,0,0,0,0.0,0,0,0,0.0,1125,0,122,1247.0,
158600300011,ROSHAN V CHARI-53 FPS,SOUTH GOA,586,GOA,2026,3,March,2026-08-04T21:40:20+00:00,43,43,0,0,100.0,43,0,0,43,0,0,0,0,43,0,0,43,0,0,0,0,0,0,0,0.0,810,0,0,810.0,0.81,0,0,0.81,0,0,0,0.0,0,0,0,0.0,0,0,0,0.0,0,0,0,0.0,0,0,0,0.0,0,0,0,0.0,0,0,0,0.0,810,0,0,810.0,
158600300012,CHANDRASHEKHAR PEDNEKAR-50 FPS,SOUTH GOA,586,GOA,2026,3,March,2026-08-04T21:40:21+00:00,114,114,0,0,100.0,72,14,25,111,0,0,3,3,72,14,25,111,0,0,3,3,0,0,0,0.0,1420,335,568,2323.0,1.42,0.335,0.568,2.323,0,0,0,0.0,0,0,0,0.0,0,0,0,0.0,0,0,0,0.0,0,0,0,0.0,0,0,0,0.0,0,0,0,0.0,1420,335,568,2323.0,
158600300013,VINAYAK DEVSHEKAR-47 FPS,SOUTH GOA,586,GOA,2026,3,March,2026-08-04T21:40:21+00:00,159,159,0,0,100.0,99,23,30,152,0,0,7,7,99,23,30,152,0,0,7,7,0,0,0,0.0,2220,465,732,3417.0,2.22,0.465,0.732,3.417,0,0,0,0.0,0,0,0,0.0,0,0,0,0.0,0,0,0,0.0,0,0,0,0.0,0,0,0,0.0,0,0,0,0.0,2220,465,732,3417.0,
158600300014,PRAKASH V. NAIK-46 FPS,SOUTH GOA,586,GOA,2026,3,March,2026-08-04T21:40:22+00:00,44,44,0,0,100.0,14,30,0,44,0,0,0,0,14,30,0,44,0,0,0,0,0,0,0,0.0,300,760,0,1060.0,0.3,0.76,0,1.06,0,0,0,0.0,0,0,0,0.0,0,0,0,0.0,0,0,0,0.0,0,0,0,0.0,0,0,0,0.0,0,0,0,0.0,300,760,0,1060.0,
158600300015,DEVENDRA V SHETYE-42 FPS,SOUTH GOA,586,GOA,2026,3,March,2026-08-04T21:40:22+00:00,65,65,0,0,100.0,62,0,3,65,0,0,0,0,62,0,3,65,0,0,0,0,0,0,0,0.0,1125,0,55,1180.0,1.125,0,0.055,1.18,0,0,0,0.0,0,0,0,0.0,0,0,0,0.0,0,0,0,0.0,0,0,0,0.0,0,0,0,0.0,0,0,0,0.0,1125,0,55,1180.0,
158600300017,SUJATA U SHETGAONKAR-36 FPS,SOUTH GOA,586,GOA,2026,3,March,2026-08-04T21:40:22+00:00,202,202,0,0,100.0,147,10,38,195,0,0,7,7,147,10,38,195,0,0,7,7,0,0,0,0.0,2830,180,870,3880.0,2.83,0.18,0.87,3.88,0,0,0,0.0,0,0,0,0.0,0,0,0,0.0,0,0,0,0.0,0,0,0,0.0,0,0,0,0.0,0,0,0,0.0,2830,180,870,3880.0,
158600300018,MRS.ROHINI R GHONSEKAR-33 FPS,SOUTH GOA,586,GOA,2026,3,March,2026-08-04T21:40:23+00:00,90,90,0,0,100.0,72,15,3,90,0,0,0,0,72,15,3,90,0,0,0,0,0,0,0,0.0,1070,315,32,1417.0,1.07,0.315,0.032,1.417,0,0,0,0.0,0,0,0,0.0,0,0,0,0.0,0,0,0,0.0,0,0,0,0.0,0,0,0,0.0,0,0,0,0.0,1070,315,32,1417.0,
158600300019,RAMESH U REDKAR-29 FPS,SOUTH GOA,586,GOA,2026,3,March,2026-08-04T21:40:23+00:00,95,95,0,0,100.0,90,0,4,94,0,0,1,1,90,0,4,94,0,0,1,1,0,0,0,0.0,1555,0,115,1670.0,1.555,0,0.115,1.67,0,0,0,0.0,0,0,0,0.0,0,0,0,0.0,0,0,0,0.0,0,0,0,0.0,0,0,0,0.0,0,0,0,0.0,1555,0,115,1670.0,
158600300020,RAMESH S MANDREKAR-28 FPS,SOUTH GOA,586,GOA,2026,3,March,2026-08-04T21:40:23+00:00,17,17,0,0,100.0,16,0,1,17,0,0,0,0,16,0,1,17,0,0,0,0,0,0,0,0.0,320,0,20,340.0,0.32,0,0.02,0.34,0,0,0,0.0,0,0,0,0.0,0,0,0,0.0,0,0,0,0.0,0,0,0,0.0,0,0,0,0.0,0,0,0,0.0,320,0,20,340.0,
158600300021,MADHUKAR NAIK-24 FPS,SOUTH GOA,586,GOA,2026,3,March,2026-08-04T21:40:24+00:00,221,221,0,0,100.0,196,7,18,221,0,0,0,0,196,7,18,221,0,0,0,0,0,0,0,0.0,4470,125,360,4955.0,4.47,0.125,0.36,4.955,0,0,0,0.0,0,0,0,0.0,0,0,0,0.0,0,0,0,0.0,0,0,0,0.0,0,0,0,0.0,0,0,0,0.0,4470,125,360,4955.0,
158600300022,KISHOR C N PEDNEKAR-23 FPS,SOUTH GOA,586,GOA,2026,3,March,2026-08-04T21:40:24+00:00,256,256,0,0,100.0,144,8,90,242,0,0,14,14,144,8,90,242,0,0,14,14,0,0,0,0.0,3105,130,2186,5421.0,3.105,0.13,2.186,5.421,0,0,0,0.0,0,0,0,0.0,0,0,0,0.0,0,0,0,0.0,0,0,0,0.0,0,0,0,0.0,0,0,0,0.0,3105,130,2186,5421.0,
158600300023,MRS SAKSHI S MANJREKAR-20 FPS,SOUTH GOA,586,GOA,2026,3,March,2026-08-04T21:40:24+00:00,41,41,0,0,100.0,31,1,7,39,0,0,2,2,31,1,7,39,0,0,2,2,0,0,0,0.0,525,5,246,776.0,0.525,0.005,0.246,0.776,0,0,0,0.0,0,0,0,0.0,0,0,0,0.0,0,0,0,0.0,0,0,0,0.0,0,0,0,0.0,0,0,0,0.0,525,5,246,776.0,
158600300025,THE MORMUGAO WATERFRONT WORKERS CONSUMERS CO OP STY LTD-8 FPS,SOUTH GOA,586,GOA,2026,3,March,2026-08-04T21:40:25+00:00,173,173,0,0,100.0,139,6,22,167,1,1,4,6,139,6,22,167,1,1,4,6,0,0,0,0.0,2513,175,557,3245.0,2.513,0.175,0.557,3.245,0,0,0,0.0,0,0,0,0.0,0,0,0,0.0,0,0,0,0.0,0,0,0,0.0,0,0,0,0.0,0,0,0,0.0,2513,175,557,3245.0,
158600300026,P.D.MELLO A G L CONS CO OP SOCIETY LTD-4 FPS,SOUTH GOA,586,GOA,2026,3,March,2026-08-04T21:40:25+00:00,103,103,0,0,100.0,97,6,0,103,0,0,0,0,96,6,0,102,0,0,0,0,0,0,0,0.0,2155,130,0,2285.0,2.155,0.13,0,2.285,0,0,0,0.0,0,0,0,0.0,0,0,0,0.0,0,0,0,0.0,0,0,0,0.0,0,0,0,0.0,0,0,0,0.0,2155,130,0,2285.0,
158600300027,THE MORMUGAO WATERFRONT CONSUMERS CO OP STY LTD-3 FPS,SOUTH GOA,586,GOA,2026,3,March,2026-08-04T21:40:25+00:00,65,65,0,0,100.0,64,1,0,65,0,0,0,0,64,1,0,65,0,0,0,0,0,0,0,0.0,1615,10,0,1625.0,1.615,0.01,0,1.625,0,0,0,0.0,0,0,0,0.0,0,0,0,0.0,0,0,0,0.0,0,0,0,0.0,0,0,0,0.0,0,0,0,0.0,1615,10,0,1625.0,
158600300028,THE MORMUGAO WATERFRONT WORKERS CONS CO OP STY LTD-2 FPS,SOUTH GOA,586,GOA,2026,3,March,2026-08-04T21:40:26+00:00,143,143,0,0,100.0,129,6,0,135,8,0,0,8,129,6,0,135,8,0,0,8,0,0,0,0.0,2335,95,0,2430.0,2.335,0.095,0,2.43,0,0,0,0.0,0,0,0,0.0,0,0,0,0.0,0,0,0,0.0,0,0,0,0.0,0,0,0,0.0,0,0,0,0.0,2335,95,0,2430.0,
158600300148,MES EMPL.C.C.STY-5 FPS,SOUTH GOA,586,GOA,2026,3,March,2026-08-04T21:40:26+00:00,31,31,0,0,100.0,31,0,0,31,0,0,0,0,31,0,0,31,0,0,0,0,0,0,0,0.0,620,0,0,620.0,0.62,0,0,0.62,0,0,0,0.0,0,0,0,0.0,0,0,0,0.0,0,0,0,0.0,0,0,0,0.0,0,0,0,0.0,0,0,0,0.0,620,0,0,620.0,
158600300149,GOA SHIPYARD EMP C STY-6 FPS,SOUTH GOA,586,GOA,2026,3,March,2026-08-04T21:40:27+00:00,80,80,0,0,100.0,78,2,0,80,0,0,0,0,78,2,0,80,0,0,0,0,0,0,0,0.0,1245,20,0,1265.0,1.245,0.02,0,1.265,0,0,0,0.0,0,0,0,0.0,0,0,0,0.0,0,0,0,0.0,0,0,0,0.0,0,0,0,0.0,0,0,0,0.0,1245,20,0,1265.0,
158600300150,CHOWGULE STAFF C C STY-10 FPS,SOUTH GOA,586,GOA,2026,3,March,2026-08-04T21:40:27+00:00,86,86,0,0,100.0,63,5,15,83,0,0,3,3,63,5,15,83,0,0,3,3,0,0,0,0.0,985,70,332,1387.0,0.985,0.07,0.332,1.387,0,0,0,0.0,0,0,0,0.0,0,0,0,0.0,0,0,0,0.0,0,0,0,0.0,0,0,0,0.0,0,0,0,0.0,985,70,332,1387.0,
158600300151,M M SHETGAONKAR-11 FPS,SOUTH GOA,586,GOA,2026,3,March,2026-08-04T21:40:28+00:00,187,187,0,0,100.0,179,2,0,181,6,0,0,6,179,2,0,181,6,0,0,6,0,0,0,0.0,3330,30,0,3360.0,3.33,0.03,0,3.36,0,0,0,0.0,0,0,0,0.0,0,0,0,0.0,0,0,0,0.0,0,0,0,0.0,0,0,0,0.0,0,0,0,0.0,3330,30,0,3360.0,
158600300152,VELSAO PALE S C STY-15 FPS,SOUTH GOA,586,GOA,2026,3,March,2026-08-04T21:40:28+00:00,149,149,0,0,100.0,140,1,6,147,1,0,1,2,140,1,6,147,1,0,1,2,0,0,0,0.0,2265,15,150,2430.0,2.265,0.015,0.15,2.43,0,0,0,0.0,0,0,0,0.0,0,0,0,0.0,0,0,0,0.0,0,0,0,0.0,0,0,0,0.0,0,0,0,0.0,2265,15,150,2430.0,
158600300153,Rama Anant Honawarkar-19 FPS,SOUTH GOA,586,GOA,2026,3,March,2026-08-04T21:40:29+00:00,94,94,0,0,100.0,93,1,0,94,0,0,0,0,93,1,0,94,0,0,0,0,0,0,0,0.0,1935,20,0,1955.0,1.935,0.02,0,1.955,0,0,0,0.0,0,0,0,0.0,0,0,0,0.0,0,0,0,0.0,0,0,0,0.0,0,0,0,0.0,0,0,0,0.0,1935,20,0,1955.0,
158600300154,CHOWGULE STAFF C C STY-21 FPS,SOUTH GOA,586,GOA,2026,3,March,2026-08-04T21:40:29+00:00,34,34,0,0,100.0,34,0,0,34,0,0,0,0,34,0,0,34,0,0,0,0,0,0,0,0.0,530,0,0,530.0,0.53,0,0,0.53,0,0,0,0.0,0,0,0,0.0,0,0,0,0.0,0,0,0,0.0,0,0,0,0.0,0,0,0,0.0,0,0,0,0.0,530,0,0,530.0,
158600300155,STANLEY DA SILVA-22 FPS,SOUTH GOA,586,GOA,2026,3,March,2026-08-04T21:40:29+00:00,225,225,0,0,100.0,223,0,0,223,2,0,0,2,223,0,0,223,2,0,0,2,0,0,0,0.0,3990,0,0,3990.0,3.99,0,0,3.99,0,0,0,0.0,0,0,0,0.0,0,0,0,0.0,0,0,0,0.0,0,0,0,0.0,0,0,0,0.0,0,0,0,0.0,3990,0,0,3990.0,
158600300156,SURESH A. DESSAI-30 FPS,SOUTH GOA,586,GOA,2026,3,March,2026-08-04T21:40:30+00:00,32,32,0,0,100.0,32,0,0,32,0,0,0,0,32,0,0,32,0,0,0,0,0,0,0,0.0,535,0,0,535.0,0.535,0,0,0.535,0,0,0,0.0,0,0,0,0.0,0,0,0,0.0,0,0,0,0.0,0,0,0,0.0,0,0,0,0.0,0,0,0,0.0,535,0,0,535.0,
158600300157,GANDHI HENRIQUES-35 FPS,SOUTH GOA,586,GOA,2026,3,March,2026-08-04T21:40:30+00:00,51,51,0,0,100.0,50,1,0,51,0,0,0,0,50,1,0,51,0,0,0,0,0,0,0,0.0,1000,10,0,1010.0,1,0.01,0,1.01,0,0,0,0.0,0,0,0,0.0,0,0,0,0.0,0,0,0,0.0,0,0,0,0.0,0,0,0,0.0,0,0,0,0.0,1000,10,0,1010.0,
158600300160,VILASINI A SHIRODKAR-43 FPS,SOUTH GOA,586,GOA,2026,3,March,2026-08-04T21:40:30+00:00,139,139,0,0,100.0,59,32,38,129,0,0,10,10,59,32,38,129,0,0,10,10,0,0,0,0.0,1160,575,1127,2862.0,1.16,0.575,1.127,2.862,0,0,0,0.0,0,0,0,0.0,0,0,0,0.0,0,0,0,0.0,0,0,0,0.0,0,0,0,0.0,0,0,0,0.0,1160,575,1127,2862.0,
158500100001,SMT.SANNA SANJAY PADTE-83 FPS,NORTH GOA,585,GOA,2026,4,April,2026-08-04T20:33:32+00:00,132,132,0,0,100.0,132,0,0,132,0,0,0,0,132,0,0,132,0,0,0,0,0,0,0,0.0,2810,0,0,2810.0,2.81,0,0,2.81,0,0,0,0.0,0,0,0,0.0,0,0,0,0.0,0,0,0,0.0,0,0,0,0.0,0,0,0,0.0,0,0,0,0.0,2810,0,0,2810.0,
158500100002,M/S P S KAREKAR-26 FPS,NORTH GOA,585,GOA,2026,4,April,2026-08-04T20:33:32+00:00,220,220,0,0,100.0,125,66,2,193,25,2,0,27,125,66,2,193,25,2,0,27,0,0,0,0.0,3080,1270,30,4380.0,3.08,1.27,0.03,4.38,0,0,0,0.0,0,0,0,0.0,0,0,0,0.0,0,0,0,0.0,0,0,0,0.0,0,0,0,0.0,0,0,0,0.0,3080,1270,30,4380.0,
158600100001,ASHA UTTAM FAL DESSAI-2 FPS,SOUTH GOA,586,GOA,2026,4,April,2026-08-08T12:44:06+00:00,562,562,0,0,100.0,378,0,0,378,184,0,0,184,377,0,0,377,184,0,0,184,0,0,0,0.0,13655,0,0,13655.0,13.655,0,0,13.655,0,0,0,0.0,0,0,0,0.0,0,0,0,0.0,0,0,0,0.0,0,0,0,0.0,0,0,0,0.0,0,0,0,0.0,13655,0,0,13655.0,
158600100002,SHRI GURUDAS RAMA MAHALE-3 FPS,SOUTH GOA,586,GOA,2026,4,April,2026-08-08T12:44:06+00:00,594,594,0,0,100.0,565,2,0,567,27,0,0,27,565,2,0,567,27,0,0,27,0,0,0,0.0,10562,25,0,10587.0,10.562,0.025,0,10.587,0,0,0,0.0,0,0,0,0.0,0,0,0,0.0,0,0,0,0.0,0,0,0,0.0,0,0,0,0.0,0,0,0,0.0,10562,25,0,10587.0,
